url,checked,online,http_status,error
https://www.geshergalicia.org/ukrainian-archives/,2022-10-22 18:16:13,1,,
https://www.tkfgen.org/open_sources_ak_p01.html,2022-10-22 18:16:14,1,,
https://uma.lvivcenter.org/en/videos,2022-10-22 18:16:15,1,,
https://www.eminak.net.ua/,2022-10-22 18:16:16,1,,
http://discovering.chersonesos.org/,2022-10-22 18:16:12,1,,
http://holocaustmuseum.kharkov.ua/,2022-10-22 18:16:12,1,,
http://ilurat.spbu.ru/content/index.htm,2022-10-22 18:16:12,1,,
http://myrmekion.ru/,2022-10-22 18:16:12,1,,
http://www.kyivhistorymuseum.org/uk/kolektsiya-muzeyu,2022-10-22 18:16:12,1,,
https://bulgakovmuseum.com/,2022-10-22 18:16:13,1,,
https://goldenukr.com.ua/?page_id=2515,2022-10-22 18:16:14,1,,
https://history.korolenko.kharkov.com/budivlja-biblioteki/,2022-10-22 18:16:15,1,,
https://honchar.org.ua/,2022-10-22 18:16:13,1,,
https://library.kr.ua,2022-10-22 18:16:14,1,,
https://uagreeks.com/newspaper,2022-10-22 18:16:13,1,,
https://www.iananu.org.ua/vidannya/naukovi-monografiji,2022-10-22 18:16:13,1,,
https://www.museum.com.ua/,2022-10-22 18:16:13,1,,
http://virtmuseum.uccs.org.ua/,2022-10-22 18:16:13,1,,
https://heritageua.dcvisu.com/,2022-10-22 18:16:13,0,,"HTTPSConnectionPool(host='heritageua.dcvisu.com', port=443): Max retries exceeded with url: / (Caused by SSLError(SSLCertVerificationError(1, '[SSL: CERTIFICATE_VERIFY_FAILED] certificate verify failed: unable to get local issuer certificate (_ssl.c:997)')))"
https://hutsul.museum/,2022-10-22 18:16:13,1,,
https://periodicals.karazin.ua/,2022-10-22 18:16:13,1,,
https://bilsk.com.ua/,2022-10-22 18:16:13,1,,
http://antiquity.karazin.ua/science/,2022-10-22 18:16:13,1,,
http://www.bosporuscrypt.ru/,2022-10-22 18:16:13,1,,
http://history.karazin.ua/nauka.html,2022-10-22 18:16:13,1,,
http://www.archmap.ru/,2022-10-22 18:16:13,1,,
https://vinnytsia-museum.in.ua/,2022-10-22 18:16:14,1,,
http://ukr-vo.org/,2022-10-22 18:16:14,1,,
http://kostsyushko.chersonesos.org/,2022-10-22 18:16:13,1,,
https://judaicacenter.kiev.ua/archive/,2022-10-22 18:16:13,1,,
https://golodomor.kharkov.ua/,2022-10-22 18:16:13,1,,
https://audio.ipri.kiev.ua/,2022-10-22 18:16:13,0,,"('Connection aborted.', RemoteDisconnected('Remote end closed connection without response'))"
http://escriptorium.univer.kharkov.ua/handle/1237075002/1,2022-10-22 18:16:13,1,,
http://www.archaeology.odessa.ua/,2022-10-22 18:16:13,1,,
https://lvivskansen.org/map/map.html,2022-10-22 18:16:13,1,,
http://archives.kh.gov.ua/?page_id=17964,2022-10-22 18:16:14,1,,
http://artmuseum.dp.ua,2022-10-22 18:16:42,0,,"HTTPConnectionPool(host='artmuseum.dp.ua', port=80): Max retries exceeded with url: / (Caused by ConnectTimeoutError(<urllib3.connection.HTTPConnection object at 0x101c01c90>, 'Connection to artmuseum.dp.ua timed out. (connect timeout=30)'))"
http://memory.ucoz.ua/,2022-10-22 18:16:43,1,,
http://min.od.ua/,2022-10-22 18:16:13,1,,
https://archive.lviv.ua/,2022-10-22 18:16:13,1,,
https://ostrohcastle.com.ua/en/ostrozka-bibliya/,2022-10-22 18:16:13,1,,
https://lviv-lychakiv.com.ua/en/,2022-10-22 18:16:14,1,,
https://www.mundm.kiev.ua/,2022-10-22 18:16:13,1,,
https://judaica.kiev.ua/old/eng/indexEng.html,2022-10-22 18:16:20,0,,"HTTPSConnectionPool(host='judaica.kiev.ua', port=443): Max retries exceeded with url: /old/eng/indexEng.html (Caused by NewConnectionError('<urllib3.connection.HTTPSConnection object at 0x1020560b0>: Failed to establish a new connection: [Errno 51] Network is unreachable'))"
http://www.archangel.kiev.ua/monastyr/muzej.html,2022-10-22 18:16:13,1,,
http://litopys.org.ua/ipatlet/ipat.htm,2022-10-22 18:16:13,1,,
http://kachanivka.in.ua/,2022-10-22 18:16:13,1,,
http://kolochava.com/ua/selo-10-muzeiv/kolochavska-vyzkokolejka.html,2022-10-22 18:16:13,1,,
http://osmerkinmuseum.kr.ua/,2022-10-22 18:16:43,0,,"HTTPConnectionPool(host='osmerkinmuseum.kr.ua', port=80): Max retries exceeded with url: / (Caused by ConnectTimeoutError(<urllib3.connection.HTTPConnection object at 0x102750eb0>, 'Connection to osmerkinmuseum.kr.ua timed out. (connect timeout=30)'))"
http://www.boryspilmuseum.info/,2022-10-22 18:16:43,1,,
http://www.neuhausmuseum.region.in.ua/,2022-10-22 18:16:43,0,,"HTTPConnectionPool(host='www.neuhausmuseum.region.in.ua', port=80): Max retries exceeded with url: / (Caused by ConnectTimeoutError(<urllib3.connection.HTTPConnection object at 0x10a6f61a0>, 'Connection to www.neuhausmuseum.region.in.ua timed out. (connect timeout=30)'))"
http://www.zkmuseum.com/,2022-10-22 18:16:43,1,,
https://mussadnd.wordpress.com/,2022-10-22 18:16:14,1,,
http://bibl-kotsubynskogo.edukit.cn.ua//,2022-10-22 18:16:44,0,,"HTTPConnectionPool(host='bibl-kotsubynskogo.edukit.cn.ua', port=80): Read timed out. (read timeout=30)"
http://borzna-crb.edukit.cn.ua/,2022-10-22 18:16:43,0,,"HTTPConnectionPool(host='borzna-crb.edukit.cn.ua', port=80): Read timed out. (read timeout=30)"
http://cbs.km.ua/,2022-10-22 18:16:44,1,,
http://cbsbook.com.ua/,2022-10-22 18:16:13,1,,
http://dnpb.gov.ua/,2022-10-22 18:16:18,1,,
http://dobm.dp.ua/,2022-10-22 18:16:17,1,,
http://kazatin-lib.org.ua,2022-10-22 18:16:17,1,,
http://lib.npu.edu.ua/,2022-10-22 18:16:14,1,,
http://lib.zt.ua/,2022-10-22 18:16:14,1,,
http://library.nuft.edu.ua/,2022-10-22 18:16:17,1,,
http://mayakovka.od.ua,2022-10-22 18:16:18,1,,
http://medlib.dp.gov.ua,2022-10-22 18:16:21,1,,
http://medlib.lviv.pro/,2022-10-22 18:16:22,1,,
http://ocls.kyivlibs.org.ua/pushkin/golovna_pushkin.htm,2022-10-22 18:16:13,0,,"('Connection aborted.', ConnectionResetError(54, 'Connection reset by peer'))"
http://ostrovskogo.com.ua/,2022-10-22 18:16:14,1,,
http://roklibr.at.ua/,2022-10-22 18:16:19,1,,
http://starobilsk-dytunat-bibl.edukit.lg.ua/Офіційна,2022-10-22 18:16:49,0,,"HTTPConnectionPool(host='starobilsk-dytunat-bibl.edukit.lg.ua', port=80): Read timed out. (read timeout=30)"
http://vollibr.org.ua/,2022-10-22 18:16:19,1,,
http://www.chl.kiev.ua/,2022-10-22 18:16:20,1,,
http://www.desnabib.kiev.ua/,2022-10-22 18:16:18,0,,"HTTPConnectionPool(host='www.desnabib.kiev.ua', port=80): Max retries exceeded with url: / (Caused by NewConnectionError('<urllib3.connection.HTTPConnection object at 0x10f4f8d90>: Failed to establish a new connection: [Errno 51] Network is unreachable'))"
http://www.kobu.kiev.ua,2022-10-22 18:16:18,1,,
http://www.laginlib.org.ua/,2022-10-22 18:16:15,1,,
http://www.lib.kherson.ua/,2022-10-22 18:16:15,1,,
http://www.lib.nau.edu.ua,2022-10-22 18:16:19,0,,"HTTPConnectionPool(host='www.lib.nau.edu.ua', port=80): Max retries exceeded with url: / (Caused by NewConnectionError('<urllib3.connection.HTTPConnection object at 0x110bf9c90>: Failed to establish a new connection: [Errno 51] Network is unreachable'))"
http://www.libr.dp.ua/,2022-10-22 18:16:21,1,,
http://www.library.chnu.edu.ua,2022-10-22 18:16:13,1,,
http://www.library.univ.kiev.ua/ukr/title4.php3,2022-10-22 18:16:14,1,,
http://www.lonpb.com.ua,2022-10-22 18:16:13,1,,
http://mvba.com.ua/2018/,2022-10-22 18:16:14,1,,
http://www.bkm.zp.ua/,2022-10-22 18:16:14,1,,
http://www.hokm.ks.ua,2022-10-22 18:16:14,0,,"HTTPConnectionPool(host='www.hokm.ks.ua', port=80): Max retries exceeded with url: / (Caused by NewConnectionError('<urllib3.connection.HTTPConnection object at 0x107922050>: Failed to establish a new connection: [Errno 8] nodename nor servname provided, or not known'))"
http://ethnology.lviv.ua,2022-10-22 18:16:13,1,,
http://museum.net.ua,2022-10-22 18:16:14,1,,
http://museumparhomovka.com.ua/,2022-10-22 18:16:13,1,,
http://museumshevchenko.org.ua/,2022-10-22 18:16:14,1,,
http://muzey-sevastopol.com/,2022-10-22 18:16:14,1,,
http://pmu.in.ua/,2022-10-22 18:16:16,1,,
http://shevchenko-museum.com.ua/,2022-10-22 18:16:13,1,,
http://valky-museum.at.ua/,2022-10-22 18:16:14,1,,
http://vereschagin.com.ua,2022-10-22 18:16:14,1,,
http://volodymyrmuseum.com/,2022-10-22 18:16:14,1,,
http://volyn-kray-mus.at.ua/,2022-10-22 18:16:14,1,,
http://www.history.odessa.ua/,2022-10-22 18:16:14,1,,
http://www.ifkm.if.ua/index.html,2022-10-22 18:16:14,1,,
http://www.lonckoho.lviv.ua,2022-10-22 18:16:14,1,,
http://www.maidanmuseum.org/,2022-10-22 18:16:14,1,,
http://www.artmuzeum.kr.ua/,2022-10-22 18:16:14,1,,
https://zounb.zp.ua,2022-10-22 18:16:44,0,,"HTTPSConnectionPool(host='zounb.zp.ua', port=443): Max retries exceeded with url: / (Caused by ConnectTimeoutError(<urllib3.connection.HTTPSConnection object at 0x10c695c90>, 'Connection to zounb.zp.ua timed out. (connect timeout=30)'))"
https://www.ck.archives.gov.ua/,2022-10-22 18:16:44,0,,"HTTPSConnectionPool(host='www.ck.archives.gov.ua', port=443): Max retries exceeded with url: / (Caused by SSLError(CertificateError(""hostname 'www.ck.archives.gov.ua' doesn't match 'ck.archives.gov.ua'"")))"
https://glassmuseuminlviv.org/en/,2022-10-22 18:16:14,1,,
http://memory.chornobylmuseum.kiev.ua/,2022-10-22 18:16:14,1,,
https://odma.edu.ua/biblioteka/zagalna-informacziya/fotogalereya/,2022-10-22 18:16:14,1,,
http://artmuz.cv.ua/,2022-10-22 18:16:14,1,,
http://library.chersonesos.org/showsection.php?section_code=6,2022-10-22 18:16:14,1,,
https://babynyar.org/ua,2022-10-22 18:16:14,1,,
http://melitopol-museum.zp.ua/,2022-10-22 18:16:14,1,,
http://blazejowskyj.com/pro-muzei,2022-10-22 18:16:14,1,,
http://protecting-memory-ua.org/,2022-10-22 18:16:14,1,,
https://korsunzapovidnyk.com.ua,2022-10-22 18:16:16,1,,
http://nsku.ck.ua/,2022-10-22 18:16:14,1,,
http://sum.in.ua/,2022-10-22 18:16:17,1,,
http://chytanka.com.ua/,2022-10-22 18:16:14,1,,
http://www.pysar.net/,2022-10-22 18:16:14,1,,
http://likbez.org.ua/ua/,2022-10-22 18:16:15,1,,
http://oralhistory.org.ua,2022-10-22 18:16:15,1,,
http://niazkamenec.org.ua,2022-10-22 18:16:14,1,,
https://cn.archives.gov.ua/,2022-10-22 18:16:15,1,,
http://www.1986.org.ua/ru/archive/memories.html,2022-10-22 18:16:14,1,,
http://sgiaz.uamuseum.com,2022-10-22 18:16:14,1,,
http://hrushevsky.nbuv.gov.ua/,2022-10-22 18:16:14,1,,
https://www.polyphonyproject.com/uk,2022-10-22 18:16:14,1,,
https://skadovsk3d.com/item/museum/,2022-10-22 18:16:14,0,,"HTTPSConnectionPool(host='skadovsk3d.com', port=443): Max retries exceeded with url: /item/museum/ (Caused by NewConnectionError('<urllib3.connection.HTTPSConnection object at 0x107921c90>: Failed to establish a new connection: [Errno 8] nodename nor servname provided, or not known'))"
https://archdep.zht.gov.ua/,2022-10-22 18:16:14,1,,
https://www.chernigiv-rada.gov.ua/,2022-10-22 18:16:14,1,,
http://dn.archives.gov.ua,2022-10-22 18:16:17,1,,
http://dialog.lviv.ua/pl,2022-10-22 18:16:15,1,,
http://volyn-museum.com.ua/news/lopatenskij_muzej_partizanskoji_slavi/1-0-20,2022-10-22 18:16:15,1,,
https://gendermuseum.com/,2022-10-22 18:16:14,1,,
http://culture-art-knukim.pp.ua/,2022-10-22 18:16:21,1,,
https://nv.nltu.edu.ua,2022-10-22 18:16:14,1,,
http://www.dnu.dp.ua,2022-10-22 18:16:14,1,,
https://folklore-archive.org.ua/,2022-10-22 18:16:14,1,,
http://hatob.com.ua/,2022-10-22 18:16:15,1,,
http://mcm-tech.kpnu.edu.ua/index.php/2308-5916/oai,2022-10-22 18:16:16,1,,
http://ojs.tdmu.edu.ua/index.php/here/oai,2022-10-22 18:16:16,1,,
https://phm.cuspu.edu.ua/ojs/index.php/SNYS/oai,2022-10-22 18:16:14,1,,
http://pytlit.chnu.edu.ua/index.php/2306-2908/oai,2022-10-22 18:16:16,1,,
http://repository.kpi.kharkov.ua/oai/request,2022-10-22 18:16:14,1,,
http://elar.nung.edu.ua/oai/request,2022-10-22 18:16:14,1,,
https://www.barceramic.org.ua/,2022-10-22 18:16:14,1,,
http://www.heraldry.com.ua/,2022-10-22 18:16:44,0,,"HTTPConnectionPool(host='www.heraldry.com.ua', port=80): Max retries exceeded with url: / (Caused by ConnectTimeoutError(<urllib3.connection.HTTPConnection object at 0x1046ca530>, 'Connection to www.heraldry.com.ua timed out. (connect timeout=30)'))"
https://javalibre.com.ua/,2022-10-22 18:16:14,1,,
http://ukrssr.com.ua/,2022-10-22 18:16:15,1,,
https://oldchernihiv.com/sdm_categories/publications/,2022-10-22 18:16:16,1,,
https://pyrogiv.kiev.ua/,2022-10-22 18:16:16,1,,
https://dntb.gov.ua/,2022-10-22 18:16:15,1,,
http://www.korydor.in.ua/en/about-korydor,2022-10-22 18:16:15,0,,"('Connection aborted.', ConnectionResetError(54, 'Connection reset by peer'))"
https://www.mediaartarchive.org.ua/,2022-10-22 18:16:15,1,,
http://romny-dytbibl.edukit.sumy.ua/,2022-10-22 18:16:45,0,,"HTTPConnectionPool(host='romny-dytbibl.edukit.sumy.ua', port=80): Read timed out. (read timeout=30)"
http://socio-cultural.knukim.edu.ua/index,2022-10-22 18:16:17,1,,
https://center.ucu.edu.ua/biblioteka/,2022-10-22 18:16:17,1,,
https://library.khntusg.com.ua/,2022-10-22 18:16:15,1,,
https://oriental-world.org.ua/,2022-10-22 18:16:17,1,,
https://collection-lvivgallery.org.ua/en,2022-10-22 18:16:14,1,,
http://archivelviv.gov.ua/,2022-10-22 18:16:15,1,,
http://region.in.ua/elisavetgradmuseum.kr.ua/,2022-10-22 18:16:44,0,,"HTTPConnectionPool(host='region.in.ua', port=80): Max retries exceeded with url: /elisavetgradmuseum.kr.ua/ (Caused by ConnectTimeoutError(<urllib3.connection.HTTPConnection object at 0x10f465f90>, 'Connection to region.in.ua timed out. (connect timeout=30)'))"
http://cosmosmuseum.info/,2022-10-22 18:16:45,1,,
https://openkurbas.org,2022-10-22 18:16:15,1,,
http://culture.suspilne.media/,2022-10-22 18:16:15,1,,
https://www.trypillia.com/,2022-10-22 18:16:14,1,,
http://www.langs.com.ua/,2022-10-22 18:16:15,1,,
http://zoomus.lviv.ua/en/,2022-10-22 18:16:14,1,,
https://ukrmanuscript.com/en,2022-10-22 18:16:15,1,,
https://kpi.dcvisu.com,2022-10-22 18:16:14,0,,"HTTPSConnectionPool(host='kpi.dcvisu.com', port=443): Max retries exceeded with url: / (Caused by SSLError(SSLCertVerificationError(1, '[SSL: CERTIFICATE_VERIFY_FAILED] certificate verify failed: unable to get local issuer certificate (_ssl.c:997)')))"
https://biblioigroteka.jimdofree.com/,2022-10-22 18:16:14,1,,
https://st-sophia.org.ua/,2022-10-22 18:16:14,1,,
http://ri-urbanhistory.org.ua/,2022-10-22 18:16:15,1,,
http://saugustyn.narod.ru/Sacerdos/mucheniki.htm,2022-10-22 18:16:14,1,,
http://handvorec.ru,2022-10-22 18:16:16,1,,
http://dako.gov.ua/,2022-10-22 18:16:17,1,,
https://artsvit.dp.ua/,2022-10-22 18:16:17,1,,
https://www.dnipro.libr.dp.ua,2022-10-22 18:16:16,1,,
http://www.etnolog.org.ua/,2022-10-22 18:16:16,1,,
http://cphj.nuph.edu.ua/oai,2022-10-22 18:16:16,1,,
http://rt.nure.ua/index.php/0485-8972/oai,2022-10-22 18:16:17,1,,
http://jvestnik-politology.donnu.edu.ua/oai,2022-10-22 18:16:15,1,,
https://odma.edu.ua/biblioteka/elektronni-resursy/,2022-10-22 18:16:15,1,,
https://irp.te.ua/2010-05-21-07-32-31/,2022-10-22 18:16:16,1,,
https://www.pharmencyclopedia.com.ua/article/5576/muzej-apteka-yevpatoriya,2022-10-22 18:16:22,0,,"HTTPSConnectionPool(host='www.pharmencyclopedia.com.ua', port=443): Max retries exceeded with url: /article/5576/muzej-apteka-yevpatoriya (Caused by NewConnectionError('<urllib3.connection.HTTPSConnection object at 0x109de5d20>: Failed to establish a new connection: [Errno 8] nodename nor servname provided, or not known'))"
http://www.chtyvo.org.ua,2022-10-22 18:16:15,1,,
http://chechelnyk-mon.church.ua/,2022-10-22 18:16:15,1,,
http://horodnica.ortox.ru/,2022-10-22 18:16:15,1,,
http://visnyk.nuwm.edu.ua/index.php/tehn/oai,2022-10-22 18:16:45,0,,"HTTPConnectionPool(host='visnyk.nuwm.edu.ua', port=80): Max retries exceeded with url: /index.php/tehn/oai (Caused by ConnectTimeoutError(<urllib3.connection.HTTPConnection object at 0x1116de200>, 'Connection to visnyk.nuwm.edu.ua timed out. (connect timeout=30)'))"
http://ways.knuba.edu.ua/index.php/2707-501X/oai,2022-10-22 18:16:16,1,,
http://actualproblems.dp.ua/index.php/index/oai,2022-10-22 18:16:16,1,,
https://viam.ucoz.net/,2022-10-22 18:16:15,1,,
http://document.kdu.edu.ua/monogr.php,2022-10-22 18:16:15,1,,
https://rv.archives.gov.ua/ocifrovani-sprav,2022-10-22 18:16:15,1,,
https://cv.archives.gov.ua/index.html,2022-10-22 18:16:16,1,,
https://tsdavo.gov.ua/ukrayinska-revolyutsiya-arhivni-hroniky-2/,2022-10-22 18:16:15,1,,
http://vgosau.kiev.ua/,2022-10-22 18:16:17,1,,
http://www.db.geroika.org.ua/ua/home.html,2022-10-22 18:16:15,1,,
https://www.lvivart.center/,2022-10-22 18:16:15,1,,
http://vskrynia.com.ua,2022-10-22 18:16:16,1,,
http://kherson.archives.gov.ua/,2022-10-22 18:16:17,1,,
http://library.wunu.edu.ua/,2022-10-22 18:16:15,1,,
http://exp21.com.ua/,2022-10-22 18:16:16,1,,
https://digital.warmuseum.kiev.ua/,2022-10-22 18:16:15,1,,
http://lib-krm.org/ukr,2022-10-22 18:16:17,1,,
http://www.library.cv.ua/,2022-10-22 18:16:17,1,,
https://donntu.edu.ua/library,2022-10-22 18:16:17,1,,
https://periscope.com.ua/vdohnovenie/memorialnyy-muzey-im-op-dovzhenko,2022-10-22 18:16:15,1,,
http://dspace.lvduvs.edu.ua,2022-10-22 18:16:16,1,,
https://www.oa.edu.ua/,2022-10-22 18:16:17,1,,
https://lgnau.edu.ua/,2022-10-22 18:16:22,1,,
https://old.library.kr.ua/,2022-10-22 18:16:15,1,,
https://catalog.gallery.pl.ua/,2022-10-22 18:16:19,1,,
http://opera.lviv.ua,2022-10-22 18:16:16,1,,
http://irpinculture.org.ua/about/zaklady-kul-tury/istory-ko-krayeznavchy-j-muzej/,2022-10-22 18:16:16,1,,
http://botany.kiev.ua/gerbary.htm,2022-10-22 18:16:16,1,,
http://kiziltash.org/,2022-10-22 18:16:16,1,,
http://www.botany-center.kiev.ua/,2022-10-22 18:16:15,1,,
https://okhtyrkamr.gov.ua/міська-рада/заклади-культури/кз-охтирський-міський-краєзнавчий-му/,2022-10-22 18:16:17,1,,
http://www.hai-nyzhnyk.in.ua/,2022-10-22 18:16:16,1,,
http://slavutichlib.com.ua/,2022-10-22 18:16:16,1,,
http://culture.pp.ua/,2022-10-22 18:16:16,0,,"HTTPConnectionPool(host='culture.pp.ua', port=80): Max retries exceeded with url: / (Caused by NewConnectionError('<urllib3.connection.HTTPConnection object at 0x10a671090>: Failed to establish a new connection: [Errno 8] nodename nor servname provided, or not known'))"
https://landmarks.in.ua/,2022-10-22 18:16:19,1,,
https://zamokdubno.com.ua/,2022-10-22 18:16:17,1,,
https://khotynska-fortecya.cv.ua/,2022-10-22 18:16:17,1,,
http://rep.btsau.edu.ua,2022-10-22 18:16:16,1,,
http://eadnurt.diit.edu.ua,2022-10-22 18:16:17,1,,
https://yizhakultura.com/,2022-10-22 18:16:16,1,,
http://conflib.diit.edu.ua/Conf_univ_Library_2022/index,2022-10-22 18:16:16,1,,
http://unilibnsd.diit.edu.ua/index,2022-10-22 18:16:22,1,,
https://crimeahrg.org,2022-10-22 18:16:24,1,,
http://batarea411.narod.ru/nebo.htm,2022-10-22 18:16:16,1,,
http://ibhb.chnu.edu.ua,2022-10-22 18:16:16,1,,
https://www.alexandria-park.com.ua/,2022-10-22 18:16:16,1,,
https://gallery-dolls.com.ua/en/,2022-10-22 18:16:16,0,,"HTTPSConnectionPool(host='gallery-dolls.com.ua', port=443): Max retries exceeded with url: /en/ (Caused by SSLError(SSLCertVerificationError(1, '[SSL: CERTIFICATE_VERIFY_FAILED] certificate verify failed: certificate has expired (_ssl.c:997)')))"
http://dakh.com.ua/,2022-10-22 18:16:16,1,,
http://www.metro.kyiv.ua/,2022-10-22 18:16:17,1,,
http://dnipro.univ.kiev.ua/,2022-10-22 18:16:17,1,,
https://www.opera-ballet.com.ua/,2022-10-22 18:16:17,1,,
https://donbassopera.ru/,2022-10-22 18:16:16,1,,
http://chm.onu.edu.ua,2022-10-22 18:16:20,1,,
https://journal.ivinas.gov.ua,2022-10-22 18:16:23,1,,
https://journal.cndiovt.com.ua/index.php/ovt/issue/archive,2022-10-22 18:16:23,1,,
http://web.kpi.kharkov.ua/museum/,2022-10-22 18:16:17,1,,
https://khai.edu/ua/,2022-10-22 18:16:17,1,,
https://sodb.sumy.ua/,2022-10-22 18:16:16,1,,
http://zfs-journal.uzhnu.uz.ua,2022-10-22 18:16:17,1,,
https://grani.org.ua/index.php/journal/issue/archive,2022-10-22 18:16:16,1,,
https://molodyytheatre.com/,2022-10-22 18:16:17,1,,
http://teatr-koleso.kiev.ua/,2022-10-22 18:16:17,1,,
https://drama-comedy.kiev.ua/,2022-10-22 18:16:17,1,,
https://www.oriental-studies.org.ua/,2022-10-22 18:16:17,1,,
http://www.litopys.volyn.ua/index.php/litopys/issue/archive,2022-10-22 18:16:18,1,,
http://zif.onu.edu.ua/issue/archive,2022-10-22 18:16:18,1,,
http://kmhj.ukma.edu.ua/issue/archive,2022-10-22 18:16:20,1,,
http://nrpcult.ukma.edu.ua/issue/archive,2022-10-22 18:16:17,1,,
http://nrph.ukma.edu.ua/issue/archive,2022-10-22 18:16:20,1,,
http://www.dmkd.dp.ua/node/493,2022-10-22 18:16:17,1,,
http://www.oweamuseum.odessa.ua/,2022-10-22 18:16:17,1,,
https://operahouse.od.ua/en/,2022-10-22 18:16:17,1,,
http://dramteatr.com.ua/,2022-10-22 18:16:17,1,,
http://doksa.onu.edu.ua/,2022-10-22 18:16:26,1,,
http://zum.onu.edu.ua/,2022-10-22 18:16:42,1,,
https://istznu.org/index.php/journal,2022-10-22 18:16:17,1,,
https://fip.dp.ua/index.php/FIP,2022-10-22 18:16:17,1,,
http://museum.slavyansk.online/,2022-10-22 18:16:17,0,,"HTTPConnectionPool(host='museum.slavyansk.online', port=80): Max retries exceeded with url: / (Caused by NewConnectionError('<urllib3.connection.HTTPConnection object at 0x109f30f70>: Failed to establish a new connection: [Errno 8] nodename nor servname provided, or not known'))"
https://bibliokruiz.nethouse.ua/,2022-10-22 18:16:17,1,,
http://nasoa.edu.ua/,2022-10-22 18:16:20,1,,
http://museum.if.ua/museums/r2/22.html,2022-10-22 18:16:20,1,,
http://v-khsac.in.ua/,2022-10-22 18:16:21,1,,
http://ep3.nuwm.edu.ua/,2022-10-22 18:16:51,0,,"HTTPConnectionPool(host='ep3.nuwm.edu.ua', port=80): Max retries exceeded with url: / (Caused by ConnectTimeoutError(<urllib3.connection.HTTPConnection object at 0x1079210f0>, 'Connection to ep3.nuwm.edu.ua timed out. (connect timeout=30)'))"
http://library.odeku.edu.ua/,2022-10-22 18:16:17,0,,"HTTPSConnectionPool(host='library.odeku.edu.ua', port=443): Max retries exceeded with url: / (Caused by SSLError(CertificateError(""hostname 'library.odeku.edu.ua' doesn't match 'hosting7.tenet.ua'"")))"
https://liskmuseum.at.ua/,2022-10-22 18:16:18,1,,
https://new.meduniv.lviv.ua/pidrozdily/muzei/,2022-10-22 18:16:18,1,,
https://iea.gov.ua/en/,2022-10-22 18:16:18,1,,
https://lma.edu.ua/,2022-10-22 18:16:17,0,,"('Connection aborted.', RemoteDisconnected('Remote end closed connection without response'))"
http://zorilebucovinei.com,2022-10-22 18:16:17,1,,
http://www.kipt.kharkov.ua,2022-10-22 18:16:17,1,,
http://www.xtt.kharkov.ua/,2022-10-22 18:16:20,1,,
http://leypzig.megakino.com.ua,2022-10-22 18:16:17,0,,"HTTPConnectionPool(host='leypzig.megakino.com.ua', port=80): Max retries exceeded with url: / (Caused by NewConnectionError('<urllib3.connection.HTTPConnection object at 0x109f31180>: Failed to establish a new connection: [Errno 8] nodename nor servname provided, or not known'))"
http://www.knu.edu.ua,2022-10-22 18:16:17,1,,
http://medicine.dp.ua,2022-10-22 18:16:17,1,,
http://journals.pnu.edu.ua/index.php/aprde,2022-10-22 18:16:18,1,,
http://journal.sops.gov.ua/,2022-10-22 18:16:21,1,,
"https://uesit.org.ua/index.php/itse, https://uesit.org.ua, https://uesit.org.ua/index.php/itse, https://uesit.org.ua, https://uesit.org.ua/index.php/itse, https://uesit.org.ua",2022-10-22 18:16:22,1,,
http://txim.history.knu.ua,2022-10-22 18:16:19,1,,
http://naukajournal.org/,2022-10-22 18:16:19,1,,
http://ubphj.nuph.edu.ua/,2022-10-22 18:16:21,1,,
http://ophcj.nuph.edu.ua/,2022-10-22 18:16:24,1,,
http://eee.khpi.edu.ua/,2022-10-22 18:16:21,1,,
http://www.visnyk.soc.univ.kiev.ua/,2022-10-22 18:16:22,1,,
https://lib.kr.ua/,2022-10-22 18:16:17,0,,"('Connection aborted.', RemoteDisconnected('Remote end closed connection without response'))"
http://apspp.soc.univ.kiev.ua/index.php/home,2022-10-22 18:16:18,1,,
http://mse.dnu.dp.ua/,2022-10-22 18:16:17,1,,
https://www.libertyspace.org.ua/,2022-10-22 18:16:18,1,,
http://www.ocntt.dp.ua/,2022-10-22 18:16:18,1,,
http://chic.cv.ua/,2022-10-22 18:16:19,1,,
http://designcollege.cv.ua/,2022-10-22 18:16:18,1,,
https://www.newroute.org.ua/,2022-10-22 18:16:18,1,,
http://tnv-econom.ksauniv.ks.ua/,2022-10-22 18:16:18,1,,
http://uamedia.visti.net,2022-10-22 18:16:18,1,,
https://www.directorsguild.org.ua/,2022-10-22 18:16:18,1,,
http://izbornyk.org.ua/,2022-10-22 18:16:18,1,,
https://www.geshergalicia.org/ukrainian-archives/,2022-10-22 20:12:35,1,,
https://www.tkfgen.org/open_sources_ak_p01.html,2022-10-22 20:12:36,1,,
https://uma.lvivcenter.org/en/videos,2022-10-22 20:12:38,1,,
https://www.eminak.net.ua/,2022-10-22 20:12:40,1,,
http://discovering.chersonesos.org/,2022-10-22 20:12:35,1,,
http://holocaustmuseum.kharkov.ua/,2022-10-22 20:12:36,1,,
http://ilurat.spbu.ru/content/index.htm,2022-10-22 20:12:35,1,,
http://myrmekion.ru/,2022-10-22 20:12:36,1,,
http://www.kyivhistorymuseum.org/uk/kolektsiya-muzeyu,2022-10-22 20:12:36,1,,
https://bulgakovmuseum.com/,2022-10-22 20:12:41,1,,
https://goldenukr.com.ua/?page_id=2515,2022-10-22 20:12:38,1,,
https://history.korolenko.kharkov.com/budivlja-biblioteki/,2022-10-22 20:12:39,1,,
https://honchar.org.ua/,2022-10-22 20:12:36,1,,
https://library.kr.ua,2022-10-22 20:12:37,1,,
https://uagreeks.com/newspaper,2022-10-22 20:12:36,1,,
https://www.iananu.org.ua/vidannya/naukovi-monografiji,2022-10-22 20:12:37,1,,
https://www.museum.com.ua/,2022-10-22 20:12:36,1,,
http://virtmuseum.uccs.org.ua/,2022-10-22 20:12:38,1,,
https://heritageua.dcvisu.com/,2022-10-22 20:12:36,0,,"HTTPSConnectionPool(host='heritageua.dcvisu.com', port=443): Max retries exceeded with url: / (Caused by SSLError(SSLCertVerificationError(1, '[SSL: CERTIFICATE_VERIFY_FAILED] certificate verify failed: unable to get local issuer certificate (_ssl.c:997)')))"
https://hutsul.museum/,2022-10-22 20:12:36,1,,
https://periodicals.karazin.ua/,2022-10-22 20:12:36,1,,
https://bilsk.com.ua/,2022-10-22 20:12:37,1,,
http://antiquity.karazin.ua/science/,2022-10-22 20:12:36,1,,
http://www.bosporuscrypt.ru/,2022-10-22 20:12:36,1,,
http://history.karazin.ua/nauka.html,2022-10-22 20:12:36,1,,
http://www.archmap.ru/,2022-10-22 20:12:38,1,,
https://vinnytsia-museum.in.ua/,2022-10-22 20:12:38,1,,
http://ukr-vo.org/,2022-10-22 20:12:38,1,,
http://kostsyushko.chersonesos.org/,2022-10-22 20:12:36,1,,
https://judaicacenter.kiev.ua/archive/,2022-10-22 20:12:36,1,,
https://golodomor.kharkov.ua/,2022-10-22 20:12:36,1,,
https://audio.ipri.kiev.ua/,2022-10-22 20:12:37,0,,"('Connection aborted.', RemoteDisconnected('Remote end closed connection without response'))"
http://escriptorium.univer.kharkov.ua/handle/1237075002/1,2022-10-22 20:12:36,1,,
http://www.archaeology.odessa.ua/,2022-10-22 20:12:36,1,,
https://lvivskansen.org/map/map.html,2022-10-22 20:12:36,1,,
http://archives.kh.gov.ua/?page_id=17964,2022-10-22 20:12:37,1,,
http://artmuseum.dp.ua,2022-10-22 20:13:06,0,,"HTTPConnectionPool(host='artmuseum.dp.ua', port=80): Max retries exceeded with url: / (Caused by ConnectTimeoutError(<urllib3.connection.HTTPConnection object at 0x102949c90>, 'Connection to artmuseum.dp.ua timed out. (connect timeout=30)'))"
http://memory.ucoz.ua/,2022-10-22 20:13:10,1,,
http://min.od.ua/,2022-10-22 20:12:36,1,,
https://archive.lviv.ua/,2022-10-22 20:12:37,1,,
https://ostrohcastle.com.ua/en/ostrozka-bibliya/,2022-10-22 20:12:37,1,,
https://lviv-lychakiv.com.ua/en/,2022-10-22 20:12:37,1,,
https://www.mundm.kiev.ua/,2022-10-22 20:12:36,1,,
https://judaica.kiev.ua/old/eng/indexEng.html,2022-10-22 20:12:43,0,,"HTTPSConnectionPool(host='judaica.kiev.ua', port=443): Max retries exceeded with url: /old/eng/indexEng.html (Caused by NewConnectionError('<urllib3.connection.HTTPSConnection object at 0x10bece0b0>: Failed to establish a new connection: [Errno 51] Network is unreachable'))"
http://www.archangel.kiev.ua/monastyr/muzej.html,2022-10-22 20:12:36,1,,
http://litopys.org.ua/ipatlet/ipat.htm,2022-10-22 20:12:37,1,,
http://kachanivka.in.ua/,2022-10-22 20:12:36,1,,
http://kolochava.com/ua/selo-10-muzeiv/kolochavska-vyzkokolejka.html,2022-10-22 20:12:37,1,,
http://osmerkinmuseum.kr.ua/,2022-10-22 20:13:06,0,,"HTTPConnectionPool(host='osmerkinmuseum.kr.ua', port=80): Max retries exceeded with url: / (Caused by ConnectTimeoutError(<urllib3.connection.HTTPConnection object at 0x104155c90>, 'Connection to osmerkinmuseum.kr.ua timed out. (connect timeout=30)'))"
http://www.boryspilmuseum.info/,2022-10-22 20:13:06,1,,
http://www.neuhausmuseum.region.in.ua/,2022-10-22 20:13:06,0,,"HTTPConnectionPool(host='www.neuhausmuseum.region.in.ua', port=80): Max retries exceeded with url: / (Caused by ConnectTimeoutError(<urllib3.connection.HTTPConnection object at 0x109c3dc90>, 'Connection to www.neuhausmuseum.region.in.ua timed out. (connect timeout=30)'))"
http://www.zkmuseum.com/,2022-10-22 20:13:07,1,,
https://mussadnd.wordpress.com/,2022-10-22 20:12:37,1,,
http://bibl-kotsubynskogo.edukit.cn.ua//,2022-10-22 20:12:41,1,,
http://borzna-crb.edukit.cn.ua/,2022-10-22 20:12:42,1,,
http://cbs.km.ua/,2022-10-22 20:12:43,1,,
http://cbsbook.com.ua/,2022-10-22 20:12:37,1,,
http://dnpb.gov.ua/,2022-10-22 20:12:40,1,,
http://dobm.dp.ua/,2022-10-22 20:12:47,1,,
http://kazatin-lib.org.ua,2022-10-22 20:12:48,1,,
http://lib.npu.edu.ua/,2022-10-22 20:12:37,1,,
http://lib.zt.ua/,2022-10-22 20:12:39,1,,
http://library.nuft.edu.ua/,2022-10-22 20:12:40,1,,
http://mayakovka.od.ua,2022-10-22 20:12:41,1,,
http://medlib.dp.gov.ua,2022-10-22 20:12:43,1,,
http://medlib.lviv.pro/,2022-10-22 20:12:45,1,,
http://ocls.kyivlibs.org.ua/pushkin/golovna_pushkin.htm,2022-10-22 20:12:36,0,,"('Connection aborted.', ConnectionResetError(54, 'Connection reset by peer'))"
http://ostrovskogo.com.ua/,2022-10-22 20:12:38,1,,
http://roklibr.at.ua/,2022-10-22 20:12:39,1,,
http://starobilsk-dytunat-bibl.edukit.lg.ua/Офіційна,2022-10-22 20:12:43,1,,
http://vollibr.org.ua/,2022-10-22 20:12:43,1,,
http://www.chl.kiev.ua/,2022-10-22 20:12:59,1,,
http://www.desnabib.kiev.ua/,2022-10-22 20:13:06,0,,"HTTPConnectionPool(host='www.desnabib.kiev.ua', port=80): Max retries exceeded with url: / (Caused by ConnectTimeoutError(<urllib3.connection.HTTPConnection object at 0x103e8ceb0>, 'Connection to www.desnabib.kiev.ua timed out. (connect timeout=30)'))"
http://www.kobu.kiev.ua,2022-10-22 20:13:07,1,,
http://www.laginlib.org.ua/,2022-10-22 20:12:38,1,,
http://www.lib.kherson.ua/,2022-10-22 20:12:38,1,,
http://www.lib.nau.edu.ua,2022-10-22 20:12:42,0,,"HTTPConnectionPool(host='www.lib.nau.edu.ua', port=80): Max retries exceeded with url: / (Caused by NewConnectionError('<urllib3.connection.HTTPConnection object at 0x109dcdc90>: Failed to establish a new connection: [Errno 51] Network is unreachable'))"
http://www.libr.dp.ua/,2022-10-22 20:12:43,1,,
http://www.library.chnu.edu.ua,2022-10-22 20:12:37,1,,
http://www.library.univ.kiev.ua/ukr/title4.php3,2022-10-22 20:12:37,1,,
http://www.lonpb.com.ua,2022-10-22 20:12:37,1,,
http://mvba.com.ua/2018/,2022-10-22 20:12:37,1,,
http://www.bkm.zp.ua/,2022-10-22 20:12:37,1,,
http://www.hokm.ks.ua,2022-10-22 20:12:37,0,,"HTTPConnectionPool(host='www.hokm.ks.ua', port=80): Max retries exceeded with url: / (Caused by NewConnectionError('<urllib3.connection.HTTPConnection object at 0x10a449ed0>: Failed to establish a new connection: [Errno 8] nodename nor servname provided, or not known'))"
http://ethnology.lviv.ua,2022-10-22 20:12:37,1,,
http://museum.net.ua,2022-10-22 20:12:37,1,,
http://museumparhomovka.com.ua/,2022-10-22 20:12:37,1,,
http://museumshevchenko.org.ua/,2022-10-22 20:12:39,1,,
http://muzey-sevastopol.com/,2022-10-22 20:12:37,1,,
http://pmu.in.ua/,2022-10-22 20:12:38,1,,
http://shevchenko-museum.com.ua/,2022-10-22 20:12:37,1,,
http://valky-museum.at.ua/,2022-10-22 20:12:37,1,,
http://vereschagin.com.ua,2022-10-22 20:12:38,1,,
http://volodymyrmuseum.com/,2022-10-22 20:12:39,1,,
http://volyn-kray-mus.at.ua/,2022-10-22 20:12:37,1,,
http://www.history.odessa.ua/,2022-10-22 20:12:37,1,,
http://www.ifkm.if.ua/index.html,2022-10-22 20:12:37,1,,
http://www.lonckoho.lviv.ua,2022-10-22 20:12:38,1,,
http://www.maidanmuseum.org/,2022-10-22 20:12:37,1,,
http://www.artmuzeum.kr.ua/,2022-10-22 20:12:38,1,,
https://zounb.zp.ua,2022-10-22 20:13:07,0,,"HTTPSConnectionPool(host='zounb.zp.ua', port=443): Max retries exceeded with url: / (Caused by ConnectTimeoutError(<urllib3.connection.HTTPSConnection object at 0x104201c90>, 'Connection to zounb.zp.ua timed out. (connect timeout=30)'))"
https://www.ck.archives.gov.ua/,2022-10-22 20:13:07,0,,"HTTPSConnectionPool(host='www.ck.archives.gov.ua', port=443): Max retries exceeded with url: / (Caused by SSLError(CertificateError(""hostname 'www.ck.archives.gov.ua' doesn't match 'ck.archives.gov.ua'"")))"
https://glassmuseuminlviv.org/en/,2022-10-22 20:12:37,1,,
http://memory.chornobylmuseum.kiev.ua/,2022-10-22 20:12:38,1,,
https://odma.edu.ua/biblioteka/zagalna-informacziya/fotogalereya/,2022-10-22 20:12:37,1,,
http://artmuz.cv.ua/,2022-10-22 20:12:38,1,,
http://library.chersonesos.org/showsection.php?section_code=6,2022-10-22 20:12:37,1,,
https://babynyar.org/ua,2022-10-22 20:12:37,1,,
http://melitopol-museum.zp.ua/,2022-10-22 20:12:37,1,,
http://blazejowskyj.com/pro-muzei,2022-10-22 20:12:38,1,,
http://protecting-memory-ua.org/,2022-10-22 20:12:37,1,,
https://korsunzapovidnyk.com.ua,2022-10-22 20:12:40,1,,
http://nsku.ck.ua/,2022-10-22 20:12:37,1,,
http://sum.in.ua/,2022-10-22 20:12:37,1,,
http://chytanka.com.ua/,2022-10-22 20:12:37,1,,
http://www.pysar.net/,2022-10-22 20:12:37,1,,
http://likbez.org.ua/ua/,2022-10-22 20:12:38,1,,
http://oralhistory.org.ua,2022-10-22 20:12:38,1,,
http://niazkamenec.org.ua,2022-10-22 20:12:40,1,,
https://cn.archives.gov.ua/,2022-10-22 20:12:41,1,,
http://www.1986.org.ua/ru/archive/memories.html,2022-10-22 20:12:37,1,,
http://sgiaz.uamuseum.com,2022-10-22 20:12:37,1,,
http://hrushevsky.nbuv.gov.ua/,2022-10-22 20:13:07,0,,"HTTPConnectionPool(host='hrushevsky.nbuv.gov.ua', port=80): Max retries exceeded with url: / (Caused by ConnectTimeoutError(<urllib3.connection.HTTPConnection object at 0x10b985c90>, 'Connection to hrushevsky.nbuv.gov.ua timed out. (connect timeout=30)'))"
https://www.polyphonyproject.com/uk,2022-10-22 20:13:07,1,,
https://skadovsk3d.com/item/museum/,2022-10-22 20:12:37,0,,"HTTPSConnectionPool(host='skadovsk3d.com', port=443): Max retries exceeded with url: /item/museum/ (Caused by NewConnectionError('<urllib3.connection.HTTPSConnection object at 0x10a0f5180>: Failed to establish a new connection: [Errno 8] nodename nor servname provided, or not known'))"
https://archdep.zht.gov.ua/,2022-10-22 20:12:37,1,,
https://www.chernigiv-rada.gov.ua/,2022-10-22 20:12:38,1,,
http://dn.archives.gov.ua,2022-10-22 20:12:40,1,,
http://dialog.lviv.ua/pl,2022-10-22 20:12:39,1,,
http://volyn-museum.com.ua/news/lopatenskij_muzej_partizanskoji_slavi/1-0-20,2022-10-22 20:12:39,1,,
https://gendermuseum.com/,2022-10-22 20:12:37,1,,
http://culture-art-knukim.pp.ua/,2022-10-22 20:12:40,1,,
https://nv.nltu.edu.ua,2022-10-22 20:12:37,1,,
http://www.dnu.dp.ua,2022-10-22 20:12:38,1,,
https://folklore-archive.org.ua/,2022-10-22 20:12:38,1,,
http://hatob.com.ua/,2022-10-22 20:12:39,1,,
http://mcm-tech.kpnu.edu.ua/index.php/2308-5916/oai,2022-10-22 20:12:38,1,,
http://ojs.tdmu.edu.ua/index.php/here/oai,2022-10-22 20:12:38,1,,
https://phm.cuspu.edu.ua/ojs/index.php/SNYS/oai,2022-10-22 20:12:38,1,,
http://pytlit.chnu.edu.ua/index.php/2306-2908/oai,2022-10-22 20:12:38,1,,
http://repository.kpi.kharkov.ua/oai/request,2022-10-22 20:12:37,1,,
http://elar.nung.edu.ua/oai/request,2022-10-22 20:12:37,1,,
https://www.barceramic.org.ua/,2022-10-22 20:12:38,1,,
http://www.heraldry.com.ua/,2022-10-22 20:13:08,0,,"HTTPConnectionPool(host='www.heraldry.com.ua', port=80): Max retries exceeded with url: / (Caused by ConnectTimeoutError(<urllib3.connection.HTTPConnection object at 0x10a0f6080>, 'Connection to www.heraldry.com.ua timed out. (connect timeout=30)'))"
https://javalibre.com.ua/,2022-10-22 20:12:38,1,,
http://ukrssr.com.ua/,2022-10-22 20:12:39,1,,
https://oldchernihiv.com/sdm_categories/publications/,2022-10-22 20:12:38,1,,
https://pyrogiv.kiev.ua/,2022-10-22 20:12:39,1,,
https://dntb.gov.ua/,2022-10-22 20:12:38,1,,
http://www.korydor.in.ua/en/about-korydor,2022-10-22 20:12:39,0,,"('Connection aborted.', ConnectionResetError(54, 'Connection reset by peer'))"
https://www.mediaartarchive.org.ua/,2022-10-22 20:12:38,1,,
http://romny-dytbibl.edukit.sumy.ua/,2022-10-22 20:12:44,1,,
http://socio-cultural.knukim.edu.ua/index,2022-10-22 20:12:39,1,,
https://center.ucu.edu.ua/biblioteka/,2022-10-22 20:12:39,1,,
https://library.khntusg.com.ua/,2022-10-22 20:12:39,1,,
https://oriental-world.org.ua/,2022-10-22 20:12:41,1,,
https://collection-lvivgallery.org.ua/en,2022-10-22 20:12:38,1,,
http://archivelviv.gov.ua/,2022-10-22 20:12:39,1,,
http://region.in.ua/elisavetgradmuseum.kr.ua/,2022-10-22 20:13:08,0,,"HTTPConnectionPool(host='region.in.ua', port=80): Max retries exceeded with url: /elisavetgradmuseum.kr.ua/ (Caused by ConnectTimeoutError(<urllib3.connection.HTTPConnection object at 0x10974dc30>, 'Connection to region.in.ua timed out. (connect timeout=30)'))"
http://cosmosmuseum.info/,2022-10-22 20:13:10,1,,
https://openkurbas.org,2022-10-22 20:12:38,1,,
http://culture.suspilne.media/,2022-10-22 20:12:38,1,,
https://www.trypillia.com/,2022-10-22 20:12:38,1,,
http://www.langs.com.ua/,2022-10-22 20:12:39,1,,
http://zoomus.lviv.ua/en/,2022-10-22 20:12:38,1,,
https://ukrmanuscript.com/en,2022-10-22 20:12:40,1,,
https://kpi.dcvisu.com,2022-10-22 20:12:38,0,,"HTTPSConnectionPool(host='kpi.dcvisu.com', port=443): Max retries exceeded with url: / (Caused by SSLError(SSLCertVerificationError(1, '[SSL: CERTIFICATE_VERIFY_FAILED] certificate verify failed: unable to get local issuer certificate (_ssl.c:997)')))"
https://biblioigroteka.jimdofree.com/,2022-10-22 20:12:38,1,,
https://st-sophia.org.ua/,2022-10-22 20:12:38,1,,
http://ri-urbanhistory.org.ua/,2022-10-22 20:12:38,1,,
http://saugustyn.narod.ru/Sacerdos/mucheniki.htm,2022-10-22 20:12:38,1,,
http://handvorec.ru,2022-10-22 20:12:43,1,,
http://dako.gov.ua/,2022-10-22 20:12:40,1,,
https://artsvit.dp.ua/,2022-10-22 20:12:41,1,,
https://www.dnipro.libr.dp.ua,2022-10-22 20:12:40,1,,
http://www.etnolog.org.ua/,2022-10-22 20:12:40,1,,
http://cphj.nuph.edu.ua/oai,2022-10-22 20:12:39,1,,
http://rt.nure.ua/index.php/0485-8972/oai,2022-10-22 20:12:40,1,,
http://jvestnik-politology.donnu.edu.ua/oai,2022-10-22 20:12:38,1,,
https://odma.edu.ua/biblioteka/elektronni-resursy/,2022-10-22 20:12:39,1,,
https://irp.te.ua/2010-05-21-07-32-31/,2022-10-22 20:12:39,1,,
https://www.pharmencyclopedia.com.ua/article/5576/muzej-apteka-yevpatoriya,2022-10-22 20:12:45,0,,"HTTPSConnectionPool(host='www.pharmencyclopedia.com.ua', port=443): Max retries exceeded with url: /article/5576/muzej-apteka-yevpatoriya (Caused by NewConnectionError('<urllib3.connection.HTTPSConnection object at 0x103424f40>: Failed to establish a new connection: [Errno 8] nodename nor servname provided, or not known'))"
http://www.chtyvo.org.ua,2022-10-22 20:12:38,1,,
http://chechelnyk-mon.church.ua/,2022-10-22 20:12:40,1,,
http://horodnica.ortox.ru/,2022-10-22 20:12:38,1,,
http://visnyk.nuwm.edu.ua/index.php/tehn/oai,2022-10-22 20:13:09,0,,"HTTPConnectionPool(host='visnyk.nuwm.edu.ua', port=80): Max retries exceeded with url: /index.php/tehn/oai (Caused by ConnectTimeoutError(<urllib3.connection.HTTPConnection object at 0x111035f30>, 'Connection to visnyk.nuwm.edu.ua timed out. (connect timeout=30)'))"
http://ways.knuba.edu.ua/index.php/2707-501X/oai,2022-10-22 20:12:39,1,,
http://actualproblems.dp.ua/index.php/index/oai,2022-10-22 20:12:39,1,,
https://viam.ucoz.net/,2022-10-22 20:12:39,1,,
http://document.kdu.edu.ua/monogr.php,2022-10-22 20:12:39,1,,
https://rv.archives.gov.ua/ocifrovani-sprav,2022-10-22 20:12:39,1,,
https://cv.archives.gov.ua/index.html,2022-10-22 20:12:40,1,,
https://tsdavo.gov.ua/ukrayinska-revolyutsiya-arhivni-hroniky-2/,2022-10-22 20:12:41,1,,
http://vgosau.kiev.ua/,2022-10-22 20:12:46,1,,
http://www.db.geroika.org.ua/ua/home.html,2022-10-22 20:12:40,1,,
https://www.lvivart.center/,2022-10-22 20:12:41,1,,
http://vskrynia.com.ua,2022-10-22 20:12:41,1,,
http://kherson.archives.gov.ua/,2022-10-22 20:12:42,1,,
http://library.wunu.edu.ua/,2022-10-22 20:12:39,1,,
http://exp21.com.ua/,2022-10-22 20:12:39,1,,
https://digital.warmuseum.kiev.ua/,2022-10-22 20:12:39,1,,
http://lib-krm.org/ukr,2022-10-22 20:12:42,1,,
http://www.library.cv.ua/,2022-10-22 20:12:41,1,,
https://donntu.edu.ua/library,2022-10-22 20:12:41,1,,
https://periscope.com.ua/vdohnovenie/memorialnyy-muzey-im-op-dovzhenko,2022-10-22 20:12:39,1,,
http://dspace.lvduvs.edu.ua,2022-10-22 20:12:40,1,,
https://www.oa.edu.ua/,2022-10-22 20:12:41,1,,
https://lgnau.edu.ua/,2022-10-22 20:12:44,1,,
https://old.library.kr.ua/,2022-10-22 20:12:39,1,,
https://catalog.gallery.pl.ua/,2022-10-22 20:12:40,1,,
http://opera.lviv.ua,2022-10-22 20:12:42,1,,
http://irpinculture.org.ua/about/zaklady-kul-tury/istory-ko-krayeznavchy-j-muzej/,2022-10-22 20:12:43,1,,
http://botany.kiev.ua/gerbary.htm,2022-10-22 20:12:39,1,,
http://kiziltash.org/,2022-10-22 20:12:40,1,,
http://www.botany-center.kiev.ua/,2022-10-22 20:12:39,1,,
https://okhtyrkamr.gov.ua/міська-рада/заклади-культури/кз-охтирський-міський-краєзнавчий-му/,2022-10-22 20:12:40,1,,
http://www.hai-nyzhnyk.in.ua/,2022-10-22 20:12:39,1,,
http://slavutichlib.com.ua/,2022-10-22 20:12:40,1,,
http://culture.pp.ua/,2022-10-22 20:12:40,0,,"HTTPConnectionPool(host='culture.pp.ua', port=80): Max retries exceeded with url: / (Caused by NewConnectionError('<urllib3.connection.HTTPConnection object at 0x107b71090>: Failed to establish a new connection: [Errno 8] nodename nor servname provided, or not known'))"
https://landmarks.in.ua/,2022-10-22 20:12:42,1,,
https://zamokdubno.com.ua/,2022-10-22 20:12:40,1,,
https://khotynska-fortecya.cv.ua/,2022-10-22 20:12:41,1,,
http://rep.btsau.edu.ua,2022-10-22 20:12:40,1,,
http://eadnurt.diit.edu.ua,2022-10-22 20:12:40,1,,
https://yizhakultura.com/,2022-10-22 20:12:40,1,,
http://conflib.diit.edu.ua/Conf_univ_Library_2022/index,2022-10-22 20:12:40,1,,
http://unilibnsd.diit.edu.ua/index,2022-10-22 20:12:42,1,,
https://crimeahrg.org,2022-10-22 20:12:42,1,,
http://batarea411.narod.ru/nebo.htm,2022-10-22 20:12:40,1,,
http://ibhb.chnu.edu.ua,2022-10-22 20:12:43,1,,
https://www.alexandria-park.com.ua/,2022-10-22 20:12:40,1,,
https://gallery-dolls.com.ua/en/,2022-10-22 20:12:40,0,,"HTTPSConnectionPool(host='gallery-dolls.com.ua', port=443): Max retries exceeded with url: /en/ (Caused by SSLError(SSLCertVerificationError(1, '[SSL: CERTIFICATE_VERIFY_FAILED] certificate verify failed: certificate has expired (_ssl.c:997)')))"
http://dakh.com.ua/,2022-10-22 20:12:40,1,,
http://www.metro.kyiv.ua/,2022-10-22 20:12:44,1,,
http://dnipro.univ.kiev.ua/,2022-10-22 20:12:41,1,,
https://www.opera-ballet.com.ua/,2022-10-22 20:12:41,1,,
https://donbassopera.ru/,2022-10-22 20:12:41,1,,
http://chm.onu.edu.ua,2022-10-22 20:12:42,1,,
https://journal.ivinas.gov.ua,2022-10-22 20:12:46,1,,
https://journal.cndiovt.com.ua/index.php/ovt/issue/archive,2022-10-22 20:12:47,1,,
http://web.kpi.kharkov.ua/museum/,2022-10-22 20:12:41,1,,
https://khai.edu/ua/,2022-10-22 20:12:42,1,,
https://sodb.sumy.ua/,2022-10-22 20:12:40,1,,
http://zfs-journal.uzhnu.uz.ua,2022-10-22 20:12:41,1,,
https://grani.org.ua/index.php/journal/issue/archive,2022-10-22 20:12:40,1,,
https://molodyytheatre.com/,2022-10-22 20:12:41,1,,
http://teatr-koleso.kiev.ua/,2022-10-22 20:12:41,1,,
https://drama-comedy.kiev.ua/,2022-10-22 20:12:42,1,,
https://www.oriental-studies.org.ua/,2022-10-22 20:12:42,1,,
http://www.litopys.volyn.ua/index.php/litopys/issue/archive,2022-10-22 20:12:43,1,,
http://zif.onu.edu.ua/issue/archive,2022-10-22 20:12:41,1,,
http://kmhj.ukma.edu.ua/issue/archive,2022-10-22 20:12:42,1,,
http://nrpcult.ukma.edu.ua/issue/archive,2022-10-22 20:12:41,1,,
http://nrph.ukma.edu.ua/issue/archive,2022-10-22 20:12:42,1,,
http://www.dmkd.dp.ua/node/493,2022-10-22 20:12:41,1,,
http://www.oweamuseum.odessa.ua/,2022-10-22 20:12:41,1,,
https://operahouse.od.ua/en/,2022-10-22 20:12:41,1,,
http://dramteatr.com.ua/,2022-10-22 20:12:41,1,,
http://doksa.onu.edu.ua/,2022-10-22 20:12:43,1,,
http://zum.onu.edu.ua/,2022-10-22 20:12:47,1,,
https://istznu.org/index.php/journal,2022-10-22 20:12:41,1,,
https://fip.dp.ua/index.php/FIP,2022-10-22 20:12:41,1,,
http://museum.slavyansk.online/,2022-10-22 20:12:41,0,,"HTTPConnectionPool(host='museum.slavyansk.online', port=80): Max retries exceeded with url: / (Caused by NewConnectionError('<urllib3.connection.HTTPConnection object at 0x10585a4a0>: Failed to establish a new connection: [Errno 8] nodename nor servname provided, or not known'))"
https://bibliokruiz.nethouse.ua/,2022-10-22 20:12:41,1,,
http://nasoa.edu.ua/,2022-10-22 20:13:11,0,,"HTTPConnectionPool(host='nasoa.edu.ua', port=80): Max retries exceeded with url: / (Caused by ConnectTimeoutError(<urllib3.connection.HTTPConnection object at 0x1023e2470>, 'Connection to nasoa.edu.ua timed out. (connect timeout=30)'))"
http://museum.if.ua/museums/r2/22.html,2022-10-22 20:13:11,1,,
http://v-khsac.in.ua/,2022-10-22 20:12:42,1,,
http://ep3.nuwm.edu.ua/,2022-10-22 20:13:12,0,,"HTTPConnectionPool(host='ep3.nuwm.edu.ua', port=80): Max retries exceeded with url: / (Caused by ConnectTimeoutError(<urllib3.connection.HTTPConnection object at 0x11060dba0>, 'Connection to ep3.nuwm.edu.ua timed out. (connect timeout=30)'))"
http://library.odeku.edu.ua/,2022-10-22 20:12:41,0,,"HTTPSConnectionPool(host='library.odeku.edu.ua', port=443): Max retries exceeded with url: / (Caused by SSLError(CertificateError(""hostname 'library.odeku.edu.ua' doesn't match 'hosting7.tenet.ua'"")))"
https://liskmuseum.at.ua/,2022-10-22 20:12:44,1,,
https://new.meduniv.lviv.ua/pidrozdily/muzei/,2022-10-22 20:12:42,1,,
https://iea.gov.ua/en/,2022-10-22 20:12:42,1,,
https://lma.edu.ua/,2022-10-22 20:12:41,0,,"('Connection aborted.', RemoteDisconnected('Remote end closed connection without response'))"
http://zorilebucovinei.com,2022-10-22 20:12:42,1,,
http://www.kipt.kharkov.ua,2022-10-22 20:12:44,1,,
http://www.xtt.kharkov.ua/,2022-10-22 20:12:48,1,,
http://leypzig.megakino.com.ua,2022-10-22 20:12:41,0,,"HTTPConnectionPool(host='leypzig.megakino.com.ua', port=80): Max retries exceeded with url: / (Caused by NewConnectionError('<urllib3.connection.HTTPConnection object at 0x109dcdf60>: Failed to establish a new connection: [Errno 8] nodename nor servname provided, or not known'))"
http://www.knu.edu.ua,2022-10-22 20:12:41,1,,
http://medicine.dp.ua,2022-10-22 20:12:41,1,,
http://journals.pnu.edu.ua/index.php/aprde,2022-10-22 20:12:42,1,,
http://journal.sops.gov.ua/,2022-10-22 20:12:42,1,,
"https://uesit.org.ua/index.php/itse, https://uesit.org.ua, https://uesit.org.ua/index.php/itse, https://uesit.org.ua, https://uesit.org.ua/index.php/itse, https://uesit.org.ua",2022-10-22 20:12:43,1,,
http://txim.history.knu.ua,2022-10-22 20:12:46,1,,
http://naukajournal.org/,2022-10-22 20:12:47,1,,
http://ubphj.nuph.edu.ua/,2022-10-22 20:12:42,1,,
http://ophcj.nuph.edu.ua/,2022-10-22 20:12:43,1,,
http://eee.khpi.edu.ua/,2022-10-22 20:12:42,1,,
http://www.visnyk.soc.univ.kiev.ua/,2022-10-22 20:12:43,1,,
https://lib.kr.ua/,2022-10-22 20:12:42,0,,"('Connection aborted.', RemoteDisconnected('Remote end closed connection without response'))"
http://apspp.soc.univ.kiev.ua/index.php/home,2022-10-22 20:12:42,1,,
http://mse.dnu.dp.ua/,2022-10-22 20:12:42,1,,
https://www.libertyspace.org.ua/,2022-10-22 20:12:43,1,,
http://www.ocntt.dp.ua/,2022-10-22 20:12:42,1,,
http://chic.cv.ua/,2022-10-22 20:12:43,1,,
http://designcollege.cv.ua/,2022-10-22 20:12:43,1,,
https://www.newroute.org.ua/,2022-10-22 20:12:43,1,,
http://tnv-econom.ksauniv.ks.ua/,2022-10-22 20:12:42,1,,
http://uamedia.visti.net,2022-10-22 20:12:43,1,,
https://www.directorsguild.org.ua/,2022-10-22 20:12:42,1,,
http://izbornyk.org.ua/,2022-10-22 20:12:42,1,,
https://www.geshergalicia.org/ukrainian-archives/,2022-10-22 21:23:29,1,,
https://www.tkfgen.org/open_sources_ak_p01.html,2022-10-22 21:23:30,1,,
https://uma.lvivcenter.org/en/videos,2022-10-22 21:23:32,1,,
https://www.eminak.net.ua/,2022-10-22 21:23:33,1,,
http://discovering.chersonesos.org/,2022-10-22 21:23:29,1,,
http://holocaustmuseum.kharkov.ua/,2022-10-22 21:23:29,1,,
http://ilurat.spbu.ru/content/index.htm,2022-10-22 21:23:29,1,,
http://myrmekion.ru/,2022-10-22 21:23:29,1,,
http://www.kyivhistorymuseum.org/uk/kolektsiya-muzeyu,2022-10-22 21:23:30,1,,
https://bulgakovmuseum.com/,2022-10-22 21:23:31,1,,
https://goldenukr.com.ua/?page_id=2515,2022-10-22 21:23:30,1,,
https://history.korolenko.kharkov.com/budivlja-biblioteki/,2022-10-22 21:23:32,1,,
https://honchar.org.ua/,2022-10-22 21:23:29,1,,
https://library.kr.ua,2022-10-22 21:23:31,1,,
https://uagreeks.com/newspaper,2022-10-22 21:23:29,1,,
https://www.iananu.org.ua/vidannya/naukovi-monografiji,2022-10-22 21:23:31,1,,
https://www.museum.com.ua/,2022-10-22 21:23:30,1,,
http://virtmuseum.uccs.org.ua/,2022-10-22 21:23:30,1,,
https://heritageua.dcvisu.com/,2022-10-22 21:23:30,0,,"HTTPSConnectionPool(host='heritageua.dcvisu.com', port=443): Max retries exceeded with url: / (Caused by SSLError(SSLCertVerificationError(1, '[SSL: CERTIFICATE_VERIFY_FAILED] certificate verify failed: unable to get local issuer certificate (_ssl.c:997)')))"
https://hutsul.museum/,2022-10-22 21:23:31,1,,
https://periodicals.karazin.ua/,2022-10-22 21:23:30,1,,
https://bilsk.com.ua/,2022-10-22 21:23:31,1,,
http://antiquity.karazin.ua/science/,2022-10-22 21:23:29,1,,
http://www.bosporuscrypt.ru/,2022-10-22 21:23:29,1,,
http://history.karazin.ua/nauka.html,2022-10-22 21:23:29,1,,
http://www.archmap.ru/,2022-10-22 21:23:31,1,,
https://vinnytsia-museum.in.ua/,2022-10-22 21:23:31,1,,
http://ukr-vo.org/,2022-10-22 21:23:33,1,,
http://kostsyushko.chersonesos.org/,2022-10-22 21:23:29,1,,
https://judaicacenter.kiev.ua/archive/,2022-10-22 21:23:30,1,,
https://golodomor.kharkov.ua/,2022-10-22 21:23:30,1,,
https://audio.ipri.kiev.ua/,2022-10-22 21:23:30,0,,"('Connection aborted.', RemoteDisconnected('Remote end closed connection without response'))"
http://escriptorium.univer.kharkov.ua/handle/1237075002/1,2022-10-22 21:23:30,1,,
http://www.archaeology.odessa.ua/,2022-10-22 21:23:30,1,,
https://lvivskansen.org/map/map.html,2022-10-22 21:23:30,1,,
http://archives.kh.gov.ua/?page_id=17964,2022-10-22 21:23:31,1,,
http://artmuseum.dp.ua,2022-10-22 21:24:00,0,,"HTTPConnectionPool(host='artmuseum.dp.ua', port=80): Max retries exceeded with url: / (Caused by ConnectTimeoutError(<urllib3.connection.HTTPConnection object at 0x103649c90>, 'Connection to artmuseum.dp.ua timed out. (connect timeout=30)'))"
http://memory.ucoz.ua/,2022-10-22 21:24:00,1,,
http://min.od.ua/,2022-10-22 21:23:29,1,,
https://archive.lviv.ua/,2022-10-22 21:23:30,1,,
https://ostrohcastle.com.ua/en/ostrozka-bibliya/,2022-10-22 21:23:30,1,,
https://lviv-lychakiv.com.ua/en/,2022-10-22 21:23:31,1,,
https://www.mundm.kiev.ua/,2022-10-22 21:23:30,1,,
https://judaica.kiev.ua/old/eng/indexEng.html,2022-10-22 21:23:36,0,,"HTTPSConnectionPool(host='judaica.kiev.ua', port=443): Max retries exceeded with url: /old/eng/indexEng.html (Caused by NewConnectionError('<urllib3.connection.HTTPSConnection object at 0x10e3620b0>: Failed to establish a new connection: [Errno 51] Network is unreachable'))"
http://www.archangel.kiev.ua/monastyr/muzej.html,2022-10-22 21:23:30,1,,
http://litopys.org.ua/ipatlet/ipat.htm,2022-10-22 21:23:31,1,,
http://kachanivka.in.ua/,2022-10-22 21:24:00,0,,"HTTPConnectionPool(host='kachanivka.in.ua', port=80): Read timed out. (read timeout=30)"
http://kolochava.com/ua/selo-10-muzeiv/kolochavska-vyzkokolejka.html,2022-10-22 21:24:00,1,,
http://osmerkinmuseum.kr.ua/,2022-10-22 21:24:00,0,,"HTTPConnectionPool(host='osmerkinmuseum.kr.ua', port=80): Max retries exceeded with url: / (Caused by ConnectTimeoutError(<urllib3.connection.HTTPConnection object at 0x10ae29c90>, 'Connection to osmerkinmuseum.kr.ua timed out. (connect timeout=30)'))"
http://www.boryspilmuseum.info/,2022-10-22 21:24:01,1,,
http://www.neuhausmuseum.region.in.ua/,2022-10-22 21:24:00,0,,"HTTPConnectionPool(host='www.neuhausmuseum.region.in.ua', port=80): Max retries exceeded with url: / (Caused by ConnectTimeoutError(<urllib3.connection.HTTPConnection object at 0x103091c90>, 'Connection to www.neuhausmuseum.region.in.ua timed out. (connect timeout=30)'))"
http://www.zkmuseum.com/,2022-10-22 21:24:00,1,,
https://mussadnd.wordpress.com/,2022-10-22 21:23:31,1,,
http://bibl-kotsubynskogo.edukit.cn.ua//,2022-10-22 21:23:35,1,,
http://borzna-crb.edukit.cn.ua/,2022-10-22 21:23:35,1,,
http://cbs.km.ua/,2022-10-22 21:23:36,1,,
http://cbsbook.com.ua/,2022-10-22 21:23:30,1,,
http://dnpb.gov.ua/,2022-10-22 21:23:33,1,,
http://dobm.dp.ua/,2022-10-22 21:23:36,1,,
http://kazatin-lib.org.ua,2022-10-22 21:23:37,1,,
http://lib.npu.edu.ua/,2022-10-22 21:23:31,1,,
http://lib.zt.ua/,2022-10-22 21:23:33,1,,
http://library.nuft.edu.ua/,2022-10-22 21:23:33,1,,
http://mayakovka.od.ua,2022-10-22 21:23:34,1,,
http://medlib.dp.gov.ua,2022-10-22 21:23:38,1,,
http://medlib.lviv.pro/,2022-10-22 21:23:39,1,,
http://ocls.kyivlibs.org.ua/pushkin/golovna_pushkin.htm,2022-10-22 21:23:30,0,,"('Connection aborted.', ConnectionResetError(54, 'Connection reset by peer'))"
http://ostrovskogo.com.ua/,2022-10-22 21:23:32,1,,
http://roklibr.at.ua/,2022-10-22 21:23:31,1,,
http://starobilsk-dytunat-bibl.edukit.lg.ua/Офіційна,2022-10-22 21:23:34,1,,
http://vollibr.org.ua/,2022-10-22 21:23:37,1,,
http://www.chl.kiev.ua/,2022-10-22 21:24:10,1,,
http://www.desnabib.kiev.ua/,2022-10-22 21:24:00,0,,"HTTPConnectionPool(host='www.desnabib.kiev.ua', port=80): Max retries exceeded with url: / (Caused by ConnectTimeoutError(<urllib3.connection.HTTPConnection object at 0x10ff01f00>, 'Connection to www.desnabib.kiev.ua timed out. (connect timeout=30)'))"
http://www.kobu.kiev.ua,2022-10-22 21:24:00,1,,
http://www.laginlib.org.ua/,2022-10-22 21:23:34,1,,
http://www.lib.kherson.ua/,2022-10-22 21:23:34,1,,
http://www.lib.nau.edu.ua,2022-10-22 21:23:36,0,,"HTTPConnectionPool(host='www.lib.nau.edu.ua', port=80): Max retries exceeded with url: / (Caused by NewConnectionError('<urllib3.connection.HTTPConnection object at 0x1020361a0>: Failed to establish a new connection: [Errno 51] Network is unreachable'))"
http://www.libr.dp.ua/,2022-10-22 21:23:38,1,,
http://www.library.chnu.edu.ua,2022-10-22 21:23:31,1,,
http://www.library.univ.kiev.ua/ukr/title4.php3,2022-10-22 21:23:32,1,,
http://www.lonpb.com.ua,2022-10-22 21:23:31,1,,
http://mvba.com.ua/2018/,2022-10-22 21:23:31,1,,
http://www.bkm.zp.ua/,2022-10-22 21:23:31,1,,
http://www.hokm.ks.ua,2022-10-22 21:23:31,0,,"HTTPConnectionPool(host='www.hokm.ks.ua', port=80): Max retries exceeded with url: / (Caused by NewConnectionError('<urllib3.connection.HTTPConnection object at 0x104cba1a0>: Failed to establish a new connection: [Errno 8] nodename nor servname provided, or not known'))"
http://ethnology.lviv.ua,2022-10-22 21:23:31,1,,
http://museum.net.ua,2022-10-22 21:23:31,1,,
http://museumparhomovka.com.ua/,2022-10-22 21:23:31,1,,
http://museumshevchenko.org.ua/,2022-10-22 21:23:32,1,,
http://muzey-sevastopol.com/,2022-10-22 21:23:32,1,,
http://pmu.in.ua/,2022-10-22 21:23:33,1,,
http://shevchenko-museum.com.ua/,2022-10-22 21:23:31,1,,
http://valky-museum.at.ua/,2022-10-22 21:23:31,1,,
http://vereschagin.com.ua,2022-10-22 21:23:31,1,,
http://volodymyrmuseum.com/,2022-10-22 21:23:32,1,,
http://volyn-kray-mus.at.ua/,2022-10-22 21:23:31,1,,
http://www.history.odessa.ua/,2022-10-22 21:23:31,1,,
http://www.ifkm.if.ua/index.html,2022-10-22 21:23:31,1,,
http://www.lonckoho.lviv.ua,2022-10-22 21:23:32,1,,
http://www.maidanmuseum.org/,2022-10-22 21:23:32,1,,
http://www.artmuzeum.kr.ua/,2022-10-22 21:23:32,1,,
https://zounb.zp.ua,2022-10-22 21:24:01,0,,"HTTPSConnectionPool(host='zounb.zp.ua', port=443): Max retries exceeded with url: / (Caused by ConnectTimeoutError(<urllib3.connection.HTTPSConnection object at 0x101945c90>, 'Connection to zounb.zp.ua timed out. (connect timeout=30)'))"
https://www.ck.archives.gov.ua/,2022-10-22 21:24:01,0,,"HTTPSConnectionPool(host='www.ck.archives.gov.ua', port=443): Max retries exceeded with url: / (Caused by SSLError(CertificateError(""hostname 'www.ck.archives.gov.ua' doesn't match 'ck.archives.gov.ua'"")))"
https://glassmuseuminlviv.org/en/,2022-10-22 21:23:31,1,,
http://memory.chornobylmuseum.kiev.ua/,2022-10-22 21:23:32,1,,
https://odma.edu.ua/biblioteka/zagalna-informacziya/fotogalereya/,2022-10-22 21:23:32,1,,
http://artmuz.cv.ua/,2022-10-22 21:23:32,1,,
http://library.chersonesos.org/showsection.php?section_code=6,2022-10-22 21:23:31,1,,
https://babynyar.org/ua,2022-10-22 21:23:32,1,,
http://melitopol-museum.zp.ua/,2022-10-22 21:23:31,1,,
http://blazejowskyj.com/pro-muzei,2022-10-22 21:23:32,1,,
http://protecting-memory-ua.org/,2022-10-22 21:23:31,1,,
https://korsunzapovidnyk.com.ua,2022-10-22 21:23:34,1,,
http://nsku.ck.ua/,2022-10-22 21:23:31,1,,
http://sum.in.ua/,2022-10-22 21:23:32,1,,
http://chytanka.com.ua/,2022-10-22 21:23:31,1,,
http://www.pysar.net/,2022-10-22 21:23:32,1,,
http://likbez.org.ua/ua/,2022-10-22 21:23:32,1,,
http://oralhistory.org.ua,2022-10-22 21:23:32,1,,
http://niazkamenec.org.ua,2022-10-22 21:23:32,1,,
https://cn.archives.gov.ua/,2022-10-22 21:23:33,1,,
http://www.1986.org.ua/ru/archive/memories.html,2022-10-22 21:23:31,1,,
http://sgiaz.uamuseum.com,2022-10-22 21:23:32,1,,
http://hrushevsky.nbuv.gov.ua/,2022-10-22 21:24:01,0,,"HTTPConnectionPool(host='hrushevsky.nbuv.gov.ua', port=80): Max retries exceeded with url: / (Caused by ConnectTimeoutError(<urllib3.connection.HTTPConnection object at 0x108c1dc90>, 'Connection to hrushevsky.nbuv.gov.ua timed out. (connect timeout=30)'))"
https://www.polyphonyproject.com/uk,2022-10-22 21:24:01,1,,
https://skadovsk3d.com/item/museum/,2022-10-22 21:23:31,0,,"HTTPSConnectionPool(host='skadovsk3d.com', port=443): Max retries exceeded with url: /item/museum/ (Caused by NewConnectionError('<urllib3.connection.HTTPSConnection object at 0x10369d180>: Failed to establish a new connection: [Errno 8] nodename nor servname provided, or not known'))"
https://archdep.zht.gov.ua/,2022-10-22 21:23:31,1,,
https://www.chernigiv-rada.gov.ua/,2022-10-22 21:23:32,1,,
http://dn.archives.gov.ua,2022-10-22 21:23:34,1,,
http://dialog.lviv.ua/pl,2022-10-22 21:23:33,1,,
http://volyn-museum.com.ua/news/lopatenskij_muzej_partizanskoji_slavi/1-0-20,2022-10-22 21:23:33,1,,
https://gendermuseum.com/,2022-10-22 21:23:32,1,,
http://culture-art-knukim.pp.ua/,2022-10-22 21:23:34,1,,
https://nv.nltu.edu.ua,2022-10-22 21:23:32,1,,
http://www.dnu.dp.ua,2022-10-22 21:23:32,1,,
https://folklore-archive.org.ua/,2022-10-22 21:23:32,1,,
http://hatob.com.ua/,2022-10-22 21:23:33,1,,
http://mcm-tech.kpnu.edu.ua/index.php/2308-5916/oai,2022-10-22 21:23:32,1,,
http://ojs.tdmu.edu.ua/index.php/here/oai,2022-10-22 21:23:33,1,,
https://phm.cuspu.edu.ua/ojs/index.php/SNYS/oai,2022-10-22 21:23:32,1,,
http://pytlit.chnu.edu.ua/index.php/2306-2908/oai,2022-10-22 21:23:32,1,,
http://repository.kpi.kharkov.ua/oai/request,2022-10-22 21:23:32,1,,
http://elar.nung.edu.ua/oai/request,2022-10-22 21:23:32,1,,
https://www.barceramic.org.ua/,2022-10-22 21:23:32,1,,
http://www.heraldry.com.ua/,2022-10-22 21:24:02,0,,"HTTPConnectionPool(host='www.heraldry.com.ua', port=80): Max retries exceeded with url: / (Caused by ConnectTimeoutError(<urllib3.connection.HTTPConnection object at 0x101cf5ba0>, 'Connection to www.heraldry.com.ua timed out. (connect timeout=30)'))"
https://javalibre.com.ua/,2022-10-22 21:23:32,1,,
http://ukrssr.com.ua/,2022-10-22 21:23:33,1,,
https://oldchernihiv.com/sdm_categories/publications/,2022-10-22 21:23:33,1,,
https://pyrogiv.kiev.ua/,2022-10-22 21:23:33,1,,
https://dntb.gov.ua/,2022-10-22 21:23:34,1,,
http://www.korydor.in.ua/en/about-korydor,2022-10-22 21:23:35,0,,"('Connection aborted.', ConnectionResetError(54, 'Connection reset by peer'))"
https://www.mediaartarchive.org.ua/,2022-10-22 21:23:32,1,,
http://romny-dytbibl.edukit.sumy.ua/,2022-10-22 21:23:38,1,,
http://socio-cultural.knukim.edu.ua/index,2022-10-22 21:23:33,1,,
https://center.ucu.edu.ua/biblioteka/,2022-10-22 21:23:33,1,,
https://library.khntusg.com.ua/,2022-10-22 21:23:33,1,,
https://oriental-world.org.ua/,2022-10-22 21:23:35,1,,
https://collection-lvivgallery.org.ua/en,2022-10-22 21:23:32,1,,
http://archivelviv.gov.ua/,2022-10-22 21:23:34,1,,
http://region.in.ua/elisavetgradmuseum.kr.ua/,2022-10-22 21:24:02,0,,"HTTPConnectionPool(host='region.in.ua', port=80): Max retries exceeded with url: /elisavetgradmuseum.kr.ua/ (Caused by ConnectTimeoutError(<urllib3.connection.HTTPConnection object at 0x1017d54b0>, 'Connection to region.in.ua timed out. (connect timeout=30)'))"
http://cosmosmuseum.info/,2022-10-22 21:24:04,1,,
https://openkurbas.org,2022-10-22 21:23:32,1,,
http://culture.suspilne.media/,2022-10-22 21:23:33,1,,
https://www.trypillia.com/,2022-10-22 21:23:32,1,,
http://www.langs.com.ua/,2022-10-22 21:23:34,1,,
http://zoomus.lviv.ua/en/,2022-10-22 21:23:32,1,,
https://ukrmanuscript.com/en,2022-10-22 21:23:33,1,,
https://kpi.dcvisu.com,2022-10-22 21:23:32,0,,"HTTPSConnectionPool(host='kpi.dcvisu.com', port=443): Max retries exceeded with url: / (Caused by SSLError(SSLCertVerificationError(1, '[SSL: CERTIFICATE_VERIFY_FAILED] certificate verify failed: unable to get local issuer certificate (_ssl.c:997)')))"
https://biblioigroteka.jimdofree.com/,2022-10-22 21:23:33,1,,
https://st-sophia.org.ua/,2022-10-22 21:23:32,1,,
http://ri-urbanhistory.org.ua/,2022-10-22 21:23:33,1,,
http://saugustyn.narod.ru/Sacerdos/mucheniki.htm,2022-10-22 21:23:32,1,,
http://handvorec.ru,2022-10-22 21:23:35,1,,
http://dako.gov.ua/,2022-10-22 21:23:34,1,,
https://artsvit.dp.ua/,2022-10-22 21:23:35,1,,
https://www.dnipro.libr.dp.ua,2022-10-22 21:23:33,1,,
http://www.etnolog.org.ua/,2022-10-22 21:23:34,1,,
http://cphj.nuph.edu.ua/oai,2022-10-22 21:23:33,1,,
http://rt.nure.ua/index.php/0485-8972/oai,2022-10-22 21:23:33,1,,
http://jvestnik-politology.donnu.edu.ua/oai,2022-10-22 21:23:33,1,,
https://odma.edu.ua/biblioteka/elektronni-resursy/,2022-10-22 21:23:33,1,,
https://irp.te.ua/2010-05-21-07-32-31/,2022-10-22 21:23:34,1,,
https://www.pharmencyclopedia.com.ua/article/5576/muzej-apteka-yevpatoriya,2022-10-22 21:23:39,0,,"HTTPSConnectionPool(host='www.pharmencyclopedia.com.ua', port=443): Max retries exceeded with url: /article/5576/muzej-apteka-yevpatoriya (Caused by NewConnectionError('<urllib3.connection.HTTPSConnection object at 0x105f726e0>: Failed to establish a new connection: [Errno 8] nodename nor servname provided, or not known'))"
http://www.chtyvo.org.ua,2022-10-22 21:23:33,1,,
http://chechelnyk-mon.church.ua/,2022-10-22 21:23:35,1,,
http://horodnica.ortox.ru/,2022-10-22 21:23:33,1,,
http://visnyk.nuwm.edu.ua/index.php/tehn/oai,2022-10-22 21:24:03,0,,"HTTPConnectionPool(host='visnyk.nuwm.edu.ua', port=80): Max retries exceeded with url: /index.php/tehn/oai (Caused by ConnectTimeoutError(<urllib3.connection.HTTPConnection object at 0x106771210>, 'Connection to visnyk.nuwm.edu.ua timed out. (connect timeout=30)'))"
http://ways.knuba.edu.ua/index.php/2707-501X/oai,2022-10-22 21:23:33,1,,
http://actualproblems.dp.ua/index.php/index/oai,2022-10-22 21:23:34,1,,
https://viam.ucoz.net/,2022-10-22 21:23:33,1,,
http://document.kdu.edu.ua/monogr.php,2022-10-22 21:23:34,1,,
https://rv.archives.gov.ua/ocifrovani-sprav,2022-10-22 21:23:34,1,,
https://cv.archives.gov.ua/index.html,2022-10-22 21:23:34,1,,
https://tsdavo.gov.ua/ukrayinska-revolyutsiya-arhivni-hroniky-2/,2022-10-22 21:23:35,1,,
http://vgosau.kiev.ua/,2022-10-22 21:23:37,1,,
http://www.db.geroika.org.ua/ua/home.html,2022-10-22 21:23:34,1,,
https://www.lvivart.center/,2022-10-22 21:23:34,1,,
http://vskrynia.com.ua,2022-10-22 21:23:34,1,,
http://kherson.archives.gov.ua/,2022-10-22 21:23:36,1,,
http://library.wunu.edu.ua/,2022-10-22 21:23:33,1,,
http://exp21.com.ua/,2022-10-22 21:23:34,1,,
https://digital.warmuseum.kiev.ua/,2022-10-22 21:23:34,1,,
http://lib-krm.org/ukr,2022-10-22 21:23:36,1,,
http://www.library.cv.ua/,2022-10-22 21:23:35,1,,
https://donntu.edu.ua/library,2022-10-22 21:23:35,1,,
https://periscope.com.ua/vdohnovenie/memorialnyy-muzey-im-op-dovzhenko,2022-10-22 21:23:33,1,,
http://dspace.lvduvs.edu.ua,2022-10-22 21:23:34,1,,
https://www.oa.edu.ua/,2022-10-22 21:23:35,1,,
https://lgnau.edu.ua/,2022-10-22 21:23:38,1,,
https://old.library.kr.ua/,2022-10-22 21:23:34,1,,
https://catalog.gallery.pl.ua/,2022-10-22 21:23:35,1,,
http://opera.lviv.ua,2022-10-22 21:23:34,1,,
http://irpinculture.org.ua/about/zaklady-kul-tury/istory-ko-krayeznavchy-j-muzej/,2022-10-22 21:23:34,1,,
http://botany.kiev.ua/gerbary.htm,2022-10-22 21:23:34,1,,
http://kiziltash.org/,2022-10-22 21:23:34,1,,
http://www.botany-center.kiev.ua/,2022-10-22 21:23:34,1,,
https://okhtyrkamr.gov.ua/міська-рада/заклади-культури/кз-охтирський-міський-краєзнавчий-му/,2022-10-22 21:23:35,1,,
http://www.hai-nyzhnyk.in.ua/,2022-10-22 21:23:34,1,,
http://slavutichlib.com.ua/,2022-10-22 21:23:34,1,,
http://culture.pp.ua/,2022-10-22 21:23:35,0,,"HTTPConnectionPool(host='culture.pp.ua', port=80): Max retries exceeded with url: / (Caused by NewConnectionError('<urllib3.connection.HTTPConnection object at 0x10608a6e0>: Failed to establish a new connection: [Errno 8] nodename nor servname provided, or not known'))"
https://landmarks.in.ua/,2022-10-22 21:23:37,1,,
https://zamokdubno.com.ua/,2022-10-22 21:23:35,1,,
https://khotynska-fortecya.cv.ua/,2022-10-22 21:23:35,1,,
http://rep.btsau.edu.ua,2022-10-22 21:23:35,1,,
http://eadnurt.diit.edu.ua,2022-10-22 21:23:40,1,,
https://yizhakultura.com/,2022-10-22 21:23:34,1,,
http://conflib.diit.edu.ua/Conf_univ_Library_2022/index,2022-10-22 21:23:35,1,,
http://unilibnsd.diit.edu.ua/index,2022-10-22 21:23:37,1,,
https://crimeahrg.org,2022-10-22 21:23:37,1,,
http://batarea411.narod.ru/nebo.htm,2022-10-22 21:23:34,1,,
http://ibhb.chnu.edu.ua,2022-10-22 21:23:34,1,,
https://www.alexandria-park.com.ua/,2022-10-22 21:23:34,1,,
https://gallery-dolls.com.ua/en/,2022-10-22 21:23:35,0,,"HTTPSConnectionPool(host='gallery-dolls.com.ua', port=443): Max retries exceeded with url: /en/ (Caused by SSLError(SSLCertVerificationError(1, '[SSL: CERTIFICATE_VERIFY_FAILED] certificate verify failed: certificate has expired (_ssl.c:997)')))"
http://dakh.com.ua/,2022-10-22 21:23:34,1,,
http://www.metro.kyiv.ua/,2022-10-22 21:23:35,1,,
http://dnipro.univ.kiev.ua/,2022-10-22 21:23:35,1,,
https://www.opera-ballet.com.ua/,2022-10-22 21:23:36,1,,
https://donbassopera.ru/,2022-10-22 21:23:35,1,,
http://chm.onu.edu.ua,2022-10-22 21:23:37,1,,
https://journal.ivinas.gov.ua,2022-10-22 21:23:40,1,,
https://journal.cndiovt.com.ua/index.php/ovt/issue/archive,2022-10-22 21:23:41,1,,
http://web.kpi.kharkov.ua/museum/,2022-10-22 21:23:35,1,,
https://khai.edu/ua/,2022-10-22 21:23:35,1,,
https://sodb.sumy.ua/,2022-10-22 21:23:34,1,,
http://zfs-journal.uzhnu.uz.ua,2022-10-22 21:23:35,1,,
https://grani.org.ua/index.php/journal/issue/archive,2022-10-22 21:23:35,1,,
https://molodyytheatre.com/,2022-10-22 21:23:35,1,,
http://teatr-koleso.kiev.ua/,2022-10-22 21:23:38,1,,
https://drama-comedy.kiev.ua/,2022-10-22 21:24:08,0,,"HTTPSConnectionPool(host='drama-comedy.kiev.ua', port=443): Read timed out. (read timeout=30)"
https://www.oriental-studies.org.ua/,2022-10-22 21:23:36,1,,
http://www.litopys.volyn.ua/index.php/litopys/issue/archive,2022-10-22 21:23:36,1,,
http://zif.onu.edu.ua/issue/archive,2022-10-22 21:23:35,1,,
http://kmhj.ukma.edu.ua/issue/archive,2022-10-22 21:23:36,1,,
http://nrpcult.ukma.edu.ua/issue/archive,2022-10-22 21:23:35,1,,
http://nrph.ukma.edu.ua/issue/archive,2022-10-22 21:23:36,1,,
http://www.dmkd.dp.ua/node/493,2022-10-22 21:23:35,1,,
http://www.oweamuseum.odessa.ua/,2022-10-22 21:23:35,1,,
https://operahouse.od.ua/en/,2022-10-22 21:23:35,1,,
http://dramteatr.com.ua/,2022-10-22 21:23:35,1,,
http://doksa.onu.edu.ua/,2022-10-22 21:23:38,1,,
http://zum.onu.edu.ua/,2022-10-22 21:23:41,1,,
https://istznu.org/index.php/journal,2022-10-22 21:23:35,1,,
https://fip.dp.ua/index.php/FIP,2022-10-22 21:23:36,1,,
http://museum.slavyansk.online/,2022-10-22 21:23:35,0,,"HTTPConnectionPool(host='museum.slavyansk.online', port=80): Max retries exceeded with url: / (Caused by NewConnectionError('<urllib3.connection.HTTPConnection object at 0x10bcb6410>: Failed to establish a new connection: [Errno 8] nodename nor servname provided, or not known'))"
https://bibliokruiz.nethouse.ua/,2022-10-22 21:23:35,1,,
http://nasoa.edu.ua/,2022-10-22 21:24:05,0,,"HTTPConnectionPool(host='nasoa.edu.ua', port=80): Max retries exceeded with url: / (Caused by ConnectTimeoutError(<urllib3.connection.HTTPConnection object at 0x10fe9e740>, 'Connection to nasoa.edu.ua timed out. (connect timeout=30)'))"
http://museum.if.ua/museums/r2/22.html,2022-10-22 21:24:05,1,,
http://v-khsac.in.ua/,2022-10-22 21:23:36,1,,
http://ep3.nuwm.edu.ua/,2022-10-22 21:24:06,0,,"HTTPConnectionPool(host='ep3.nuwm.edu.ua', port=80): Max retries exceeded with url: / (Caused by ConnectTimeoutError(<urllib3.connection.HTTPConnection object at 0x10dc890f0>, 'Connection to ep3.nuwm.edu.ua timed out. (connect timeout=30)'))"
http://library.odeku.edu.ua/,2022-10-22 21:23:36,0,,"HTTPSConnectionPool(host='library.odeku.edu.ua', port=443): Max retries exceeded with url: / (Caused by SSLError(CertificateError(""hostname 'library.odeku.edu.ua' doesn't match 'hosting7.tenet.ua'"")))"
https://liskmuseum.at.ua/,2022-10-22 21:23:36,1,,
https://new.meduniv.lviv.ua/pidrozdily/muzei/,2022-10-22 21:23:36,1,,
https://iea.gov.ua/en/,2022-10-22 21:23:36,1,,
https://lma.edu.ua/,2022-10-22 21:23:35,0,,"('Connection aborted.', RemoteDisconnected('Remote end closed connection without response'))"
http://zorilebucovinei.com,2022-10-22 21:23:36,1,,
http://www.kipt.kharkov.ua,2022-10-22 21:23:36,1,,
http://www.xtt.kharkov.ua/,2022-10-22 21:23:39,1,,
http://leypzig.megakino.com.ua,2022-10-22 21:23:35,0,,"HTTPConnectionPool(host='leypzig.megakino.com.ua', port=80): Max retries exceeded with url: / (Caused by NewConnectionError('<urllib3.connection.HTTPConnection object at 0x10bf79ae0>: Failed to establish a new connection: [Errno 8] nodename nor servname provided, or not known'))"
http://www.knu.edu.ua,2022-10-22 21:23:36,1,,
http://medicine.dp.ua,2022-10-22 21:23:36,1,,
http://journals.pnu.edu.ua/index.php/aprde,2022-10-22 21:23:36,1,,
http://journal.sops.gov.ua/,2022-10-22 21:23:37,1,,
"https://uesit.org.ua/index.php/itse, https://uesit.org.ua, https://uesit.org.ua/index.php/itse, https://uesit.org.ua, https://uesit.org.ua/index.php/itse, https://uesit.org.ua",2022-10-22 21:23:37,1,,
http://txim.history.knu.ua,2022-10-22 21:23:37,1,,
http://naukajournal.org/,2022-10-22 21:23:37,1,,
http://ubphj.nuph.edu.ua/,2022-10-22 21:23:37,1,,
http://ophcj.nuph.edu.ua/,2022-10-22 21:23:38,1,,
http://eee.khpi.edu.ua/,2022-10-22 21:23:37,1,,
http://www.visnyk.soc.univ.kiev.ua/,2022-10-22 21:23:38,1,,
https://lib.kr.ua/,2022-10-22 21:23:36,0,,"('Connection aborted.', RemoteDisconnected('Remote end closed connection without response'))"
http://apspp.soc.univ.kiev.ua/index.php/home,2022-10-22 21:23:36,1,,
http://mse.dnu.dp.ua/,2022-10-22 21:23:36,1,,
https://www.libertyspace.org.ua/,2022-10-22 21:23:37,1,,
http://www.ocntt.dp.ua/,2022-10-22 21:23:36,1,,
http://chic.cv.ua/,2022-10-22 21:23:37,1,,
http://designcollege.cv.ua/,2022-10-22 21:23:37,1,,
https://www.newroute.org.ua/,2022-10-22 21:23:37,1,,
http://tnv-econom.ksauniv.ks.ua/,2022-10-22 21:23:36,1,,
http://uamedia.visti.net,2022-10-22 21:23:36,1,,
https://www.directorsguild.org.ua/,2022-10-22 21:23:36,1,,
http://izbornyk.org.ua/,2022-10-22 21:24:06,0,,"HTTPConnectionPool(host='izbornyk.org.ua', port=80): Read timed out. (read timeout=30)"
https://www.geshergalicia.org/ukrainian-archives/,2022-10-23 20:22:46,1,,
https://www.tkfgen.org/open_sources_ak_p01.html,2022-10-23 20:22:47,1,,
https://uma.lvivcenter.org/en/videos,2022-10-23 20:22:49,1,,
https://www.eminak.net.ua/,2022-10-23 20:22:50,1,,
http://discovering.chersonesos.org/,2022-10-23 20:22:46,1,,
http://holocaustmuseum.kharkov.ua/,2022-10-23 20:22:47,1,,
http://ilurat.spbu.ru/content/index.htm,2022-10-23 20:22:47,1,,
http://myrmekion.ru/,2022-10-23 20:22:47,1,,
http://www.kyivhistorymuseum.org/uk/kolektsiya-muzeyu,2022-10-23 20:22:47,1,,
https://bulgakovmuseum.com/,2022-10-23 20:22:48,1,,
https://goldenukr.com.ua/?page_id=2515,2022-10-23 20:22:48,1,,
https://history.korolenko.kharkov.com/budivlja-biblioteki/,2022-10-23 20:22:50,1,,
https://honchar.org.ua/,2022-10-23 20:22:48,1,,
https://library.kr.ua,2022-10-23 20:22:49,1,,
https://uagreeks.com/newspaper,2022-10-23 20:22:48,1,,
https://www.iananu.org.ua/vidannya/naukovi-monografiji,2022-10-23 20:22:49,1,,
https://www.museum.com.ua/,2022-10-23 20:22:48,1,,
http://virtmuseum.uccs.org.ua/,2022-10-23 20:22:49,1,,
https://heritageua.dcvisu.com/,2022-10-23 20:22:47,0,,"HTTPSConnectionPool(host='heritageua.dcvisu.com', port=443): Max retries exceeded with url: / (Caused by SSLError(SSLCertVerificationError(1, '[SSL: CERTIFICATE_VERIFY_FAILED] certificate verify failed: unable to get local issuer certificate (_ssl.c:997)')))"
https://hutsul.museum/,2022-10-23 20:22:48,1,,
https://periodicals.karazin.ua/,2022-10-23 20:22:48,1,,
https://bilsk.com.ua/,2022-10-23 20:22:49,1,,
http://antiquity.karazin.ua/science/,2022-10-23 20:22:48,1,,
http://www.bosporuscrypt.ru/,2022-10-23 20:22:48,1,,
http://history.karazin.ua/nauka.html,2022-10-23 20:22:48,1,,
http://www.archmap.ru/,2022-10-23 20:22:51,1,,
https://vinnytsia-museum.in.ua/,2022-10-23 20:22:49,1,,
http://ukr-vo.org/,2022-10-23 20:22:49,1,,
http://kostsyushko.chersonesos.org/,2022-10-23 20:22:48,1,,
https://judaicacenter.kiev.ua/archive/,2022-10-23 20:22:48,1,,
https://golodomor.kharkov.ua/,2022-10-23 20:22:48,1,,
https://audio.ipri.kiev.ua/,2022-10-23 20:22:49,0,,"('Connection aborted.', RemoteDisconnected('Remote end closed connection without response'))"
http://escriptorium.univer.kharkov.ua/handle/1237075002/1,2022-10-23 20:22:48,1,,
http://www.archaeology.odessa.ua/,2022-10-23 20:22:48,1,,
https://lvivskansen.org/map/map.html,2022-10-23 20:22:48,1,,
http://archives.kh.gov.ua/?page_id=17964,2022-10-23 20:22:49,1,,
http://artmuseum.dp.ua,2022-10-23 20:23:18,0,,"HTTPConnectionPool(host='artmuseum.dp.ua', port=80): Max retries exceeded with url: / (Caused by ConnectTimeoutError(<urllib3.connection.HTTPConnection object at 0x10384dc90>, 'Connection to artmuseum.dp.ua timed out. (connect timeout=30)'))"
http://memory.ucoz.ua/,2022-10-23 20:23:19,1,,
http://min.od.ua/,2022-10-23 20:22:48,1,,
https://archive.lviv.ua/,2022-10-23 20:22:49,1,,
https://ostrohcastle.com.ua/en/ostrozka-bibliya/,2022-10-23 20:22:50,1,,
https://lviv-lychakiv.com.ua/en/,2022-10-23 20:22:51,1,,
https://www.mundm.kiev.ua/,2022-10-23 20:22:49,1,,
https://judaica.kiev.ua/old/eng/indexEng.html,2022-10-23 20:22:55,0,,"HTTPSConnectionPool(host='judaica.kiev.ua', port=443): Max retries exceeded with url: /old/eng/indexEng.html (Caused by NewConnectionError('<urllib3.connection.HTTPSConnection object at 0x101da91e0>: Failed to establish a new connection: [Errno 51] Network is unreachable'))"
http://www.archangel.kiev.ua/monastyr/muzej.html,2022-10-23 20:22:48,1,,
http://litopys.org.ua/ipatlet/ipat.htm,2022-10-23 20:22:48,1,,
http://kachanivka.in.ua/,2022-10-23 20:22:48,1,,
http://kolochava.com/ua/selo-10-muzeiv/kolochavska-vyzkokolejka.html,2022-10-23 20:22:48,1,,
http://osmerkinmuseum.kr.ua/,2022-10-23 20:23:18,0,,"HTTPConnectionPool(host='osmerkinmuseum.kr.ua', port=80): Max retries exceeded with url: / (Caused by ConnectTimeoutError(<urllib3.connection.HTTPConnection object at 0x10c6b1c90>, 'Connection to osmerkinmuseum.kr.ua timed out. (connect timeout=30)'))"
http://www.boryspilmuseum.info/,2022-10-23 20:23:19,1,,
http://www.neuhausmuseum.region.in.ua/,2022-10-23 20:23:18,0,,"HTTPConnectionPool(host='www.neuhausmuseum.region.in.ua', port=80): Max retries exceeded with url: / (Caused by ConnectTimeoutError(<urllib3.connection.HTTPConnection object at 0x104bc5c90>, 'Connection to www.neuhausmuseum.region.in.ua timed out. (connect timeout=30)'))"
http://www.zkmuseum.com/,2022-10-23 20:23:19,1,,
https://mussadnd.wordpress.com/,2022-10-23 20:22:49,1,,
http://bibl-kotsubynskogo.edukit.cn.ua//,2022-10-23 20:22:54,1,,
http://borzna-crb.edukit.cn.ua/,2022-10-23 20:22:54,1,,
http://cbs.km.ua/,2022-10-23 20:22:55,1,,
http://cbsbook.com.ua/,2022-10-23 20:22:48,1,,
http://dnpb.gov.ua/,2022-10-23 20:22:52,1,,
http://dobm.dp.ua/,2022-10-23 20:22:53,1,,
http://kazatin-lib.org.ua,2022-10-23 20:22:53,1,,
http://lib.npu.edu.ua/,2022-10-23 20:22:49,1,,
http://lib.zt.ua/,2022-10-23 20:22:51,1,,
http://library.nuft.edu.ua/,2022-10-23 20:22:51,1,,
http://mayakovka.od.ua,2022-10-23 20:22:52,1,,
http://medlib.dp.gov.ua,2022-10-23 20:22:56,1,,
http://medlib.lviv.pro/,2022-10-23 20:22:58,1,,
http://ocls.kyivlibs.org.ua/pushkin/golovna_pushkin.htm,2022-10-23 20:22:49,0,,"('Connection aborted.', ConnectionResetError(54, 'Connection reset by peer'))"
http://ostrovskogo.com.ua/,2022-10-23 20:22:50,1,,
http://roklibr.at.ua/,2022-10-23 20:22:49,1,,
http://starobilsk-dytunat-bibl.edukit.lg.ua/Офіційна,2022-10-23 20:22:53,1,,
http://vollibr.org.ua/,2022-10-23 20:22:56,1,,
http://www.chl.kiev.ua/,2022-10-23 20:22:57,1,,
http://www.desnabib.kiev.ua/,2022-10-23 20:22:50,1,,
http://www.kobu.kiev.ua,2022-10-23 20:22:50,1,,
http://www.laginlib.org.ua/,2022-10-23 20:22:51,1,,
http://www.lib.kherson.ua/,2022-10-23 20:22:51,1,,
http://www.lib.nau.edu.ua,2022-10-23 20:22:53,0,,"HTTPConnectionPool(host='www.lib.nau.edu.ua', port=80): Max retries exceeded with url: / (Caused by NewConnectionError('<urllib3.connection.HTTPConnection object at 0x10fae1c90>: Failed to establish a new connection: [Errno 51] Network is unreachable'))"
http://www.libr.dp.ua/,2022-10-23 20:22:54,1,,
http://www.library.chnu.edu.ua,2022-10-23 20:22:49,1,,
http://www.library.univ.kiev.ua/ukr/title4.php3,2022-10-23 20:22:53,1,,
http://www.lonpb.com.ua,2022-10-23 20:22:49,1,,
http://mvba.com.ua/2018/,2022-10-23 20:22:50,1,,
http://www.bkm.zp.ua/,2022-10-23 20:22:50,1,,
http://www.hokm.ks.ua,2022-10-23 20:22:50,0,,"HTTPConnectionPool(host='www.hokm.ks.ua', port=80): Max retries exceeded with url: / (Caused by NewConnectionError('<urllib3.connection.HTTPConnection object at 0x108ecded0>: Failed to establish a new connection: [Errno 8] nodename nor servname provided, or not known'))"
http://ethnology.lviv.ua,2022-10-23 20:22:49,1,,
http://museum.net.ua,2022-10-23 20:22:49,1,,
http://museumparhomovka.com.ua/,2022-10-23 20:22:49,1,,
http://museumshevchenko.org.ua/,2022-10-23 20:22:54,1,,
http://muzey-sevastopol.com/,2022-10-23 20:22:49,1,,
http://pmu.in.ua/,2022-10-23 20:22:50,1,,
http://shevchenko-museum.com.ua/,2022-10-23 20:22:49,1,,
http://valky-museum.at.ua/,2022-10-23 20:22:49,1,,
http://vereschagin.com.ua,2022-10-23 20:22:49,1,,
http://volodymyrmuseum.com/,2022-10-23 20:22:50,1,,
http://volyn-kray-mus.at.ua/,2022-10-23 20:22:49,1,,
http://www.history.odessa.ua/,2022-10-23 20:22:49,1,,
http://www.ifkm.if.ua/index.html,2022-10-23 20:22:49,1,,
http://www.lonckoho.lviv.ua,2022-10-23 20:22:50,1,,
http://www.maidanmuseum.org/,2022-10-23 20:22:54,0,,"HTTPConnectionPool(host='www.maidanmuseum.org', port=80): Max retries exceeded with url: / (Caused by NewConnectionError('<urllib3.connection.HTTPConnection object at 0x10fe3dc90>: Failed to establish a new connection: [Errno 51] Network is unreachable'))"
http://www.artmuzeum.kr.ua/,2022-10-23 20:22:59,1,,
https://zounb.zp.ua,2022-10-23 20:22:51,1,,
https://www.ck.archives.gov.ua/,2022-10-23 20:22:51,0,,"HTTPSConnectionPool(host='www.ck.archives.gov.ua', port=443): Max retries exceeded with url: / (Caused by SSLError(CertificateError(""hostname 'www.ck.archives.gov.ua' doesn't match 'ck.archives.gov.ua'"")))"
https://glassmuseuminlviv.org/en/,2022-10-23 20:22:49,1,,
http://memory.chornobylmuseum.kiev.ua/,2022-10-23 20:22:50,1,,
https://odma.edu.ua/biblioteka/zagalna-informacziya/fotogalereya/,2022-10-23 20:22:50,1,,
http://artmuz.cv.ua/,2022-10-23 20:22:50,1,,
http://library.chersonesos.org/showsection.php?section_code=6,2022-10-23 20:22:49,1,,
https://babynyar.org/ua,2022-10-23 20:22:50,1,,
http://melitopol-museum.zp.ua/,2022-10-23 20:22:49,1,,
http://blazejowskyj.com/pro-muzei,2022-10-23 20:22:50,1,,
http://protecting-memory-ua.org/,2022-10-23 20:22:50,1,,
https://korsunzapovidnyk.com.ua,2022-10-23 20:22:52,1,,
http://nsku.ck.ua/,2022-10-23 20:22:49,1,,
http://sum.in.ua/,2022-10-23 20:22:50,1,,
http://chytanka.com.ua/,2022-10-23 20:22:49,1,,
http://www.pysar.net/,2022-10-23 20:22:50,1,,
http://likbez.org.ua/ua/,2022-10-23 20:22:54,1,,
http://oralhistory.org.ua,2022-10-23 20:22:54,1,,
http://niazkamenec.org.ua,2022-10-23 20:22:50,1,,
https://cn.archives.gov.ua/,2022-10-23 20:22:51,1,,
http://www.1986.org.ua/ru/archive/memories.html,2022-10-23 20:22:50,1,,
http://sgiaz.uamuseum.com,2022-10-23 20:22:50,1,,
http://hrushevsky.nbuv.gov.ua/,2022-10-23 20:22:49,1,,
https://www.polyphonyproject.com/uk,2022-10-23 20:22:50,1,,
https://skadovsk3d.com/item/museum/,2022-10-23 20:22:49,0,,"HTTPSConnectionPool(host='skadovsk3d.com', port=443): Max retries exceeded with url: /item/museum/ (Caused by NewConnectionError('<urllib3.connection.HTTPSConnection object at 0x10c735180>: Failed to establish a new connection: [Errno 8] nodename nor servname provided, or not known'))"
https://archdep.zht.gov.ua/,2022-10-23 20:22:50,1,,
https://www.chernigiv-rada.gov.ua/,2022-10-23 20:22:50,1,,
http://dn.archives.gov.ua,2022-10-23 20:22:52,1,,
http://dialog.lviv.ua/pl,2022-10-23 20:22:50,1,,
http://volyn-museum.com.ua/news/lopatenskij_muzej_partizanskoji_slavi/1-0-20,2022-10-23 20:22:51,1,,
https://gendermuseum.com/,2022-10-23 20:22:49,1,,
http://culture-art-knukim.pp.ua/,2022-10-23 20:22:56,1,,
https://nv.nltu.edu.ua,2022-10-23 20:22:50,1,,
http://www.dnu.dp.ua,2022-10-23 20:22:50,1,,
https://folklore-archive.org.ua/,2022-10-23 20:22:52,1,,
http://hatob.com.ua/,2022-10-23 20:22:53,1,,
http://mcm-tech.kpnu.edu.ua/index.php/2308-5916/oai,2022-10-23 20:22:50,1,,
http://ojs.tdmu.edu.ua/index.php/here/oai,2022-10-23 20:22:51,1,,
https://phm.cuspu.edu.ua/ojs/index.php/SNYS/oai,2022-10-23 20:22:50,1,,
http://pytlit.chnu.edu.ua/index.php/2306-2908/oai,2022-10-23 20:22:51,1,,
http://repository.kpi.kharkov.ua/oai/request,2022-10-23 20:22:50,1,,
http://elar.nung.edu.ua/oai/request,2022-10-23 20:22:50,1,,
https://www.barceramic.org.ua/,2022-10-23 20:22:50,1,,
http://www.heraldry.com.ua/,2022-10-23 20:23:21,0,,"HTTPConnectionPool(host='www.heraldry.com.ua', port=80): Max retries exceeded with url: / (Caused by ConnectTimeoutError(<urllib3.connection.HTTPConnection object at 0x110e890c0>, 'Connection to www.heraldry.com.ua timed out. (connect timeout=30)'))"
https://javalibre.com.ua/,2022-10-23 20:22:50,1,,
http://ukrssr.com.ua/,2022-10-23 20:22:51,1,,
https://oldchernihiv.com/sdm_categories/publications/,2022-10-23 20:22:52,1,,
https://pyrogiv.kiev.ua/,2022-10-23 20:22:53,1,,
https://dntb.gov.ua/,2022-10-23 20:22:51,1,,
http://www.korydor.in.ua/en/about-korydor,2022-10-23 20:22:51,0,,"('Connection aborted.', ConnectionResetError(54, 'Connection reset by peer'))"
https://www.mediaartarchive.org.ua/,2022-10-23 20:22:51,1,,
http://romny-dytbibl.edukit.sumy.ua/,2022-10-23 20:22:57,1,,
http://socio-cultural.knukim.edu.ua/index,2022-10-23 20:22:56,1,,
https://center.ucu.edu.ua/biblioteka/,2022-10-23 20:22:57,1,,
https://library.khntusg.com.ua/,2022-10-23 20:22:51,1,,
https://oriental-world.org.ua/,2022-10-23 20:22:55,1,,
https://collection-lvivgallery.org.ua/en,2022-10-23 20:22:50,1,,
http://archivelviv.gov.ua/,2022-10-23 20:22:52,1,,
http://region.in.ua/elisavetgradmuseum.kr.ua/,2022-10-23 20:23:20,0,,"HTTPConnectionPool(host='region.in.ua', port=80): Max retries exceeded with url: /elisavetgradmuseum.kr.ua/ (Caused by ConnectTimeoutError(<urllib3.connection.HTTPConnection object at 0x1110d0be0>, 'Connection to region.in.ua timed out. (connect timeout=30)'))"
http://cosmosmuseum.info/,2022-10-23 20:23:22,1,,
https://openkurbas.org,2022-10-23 20:22:51,1,,
http://culture.suspilne.media/,2022-10-23 20:22:51,1,,
https://www.trypillia.com/,2022-10-23 20:22:51,1,,
http://www.langs.com.ua/,2022-10-23 20:22:52,1,,
http://zoomus.lviv.ua/en/,2022-10-23 20:22:51,1,,
https://ukrmanuscript.com/en,2022-10-23 20:22:53,1,,
https://kpi.dcvisu.com,2022-10-23 20:22:52,0,,"HTTPSConnectionPool(host='kpi.dcvisu.com', port=443): Max retries exceeded with url: / (Caused by SSLError(SSLCertVerificationError(1, '[SSL: CERTIFICATE_VERIFY_FAILED] certificate verify failed: unable to get local issuer certificate (_ssl.c:997)')))"
https://biblioigroteka.jimdofree.com/,2022-10-23 20:22:52,1,,
https://st-sophia.org.ua/,2022-10-23 20:22:51,1,,
http://ri-urbanhistory.org.ua/,2022-10-23 20:22:51,1,,
http://saugustyn.narod.ru/Sacerdos/mucheniki.htm,2022-10-23 20:22:50,1,,
http://handvorec.ru,2022-10-23 20:22:55,1,,
http://dako.gov.ua/,2022-10-23 20:22:53,1,,
https://artsvit.dp.ua/,2022-10-23 20:22:53,1,,
https://www.dnipro.libr.dp.ua,2022-10-23 20:22:53,1,,
http://www.etnolog.org.ua/,2022-10-23 20:22:54,1,,
http://cphj.nuph.edu.ua/oai,2022-10-23 20:22:51,1,,
http://rt.nure.ua/index.php/0485-8972/oai,2022-10-23 20:22:52,1,,
http://jvestnik-politology.donnu.edu.ua/oai,2022-10-23 20:22:51,1,,
https://odma.edu.ua/biblioteka/elektronni-resursy/,2022-10-23 20:22:51,1,,
https://irp.te.ua/2010-05-21-07-32-31/,2022-10-23 20:22:53,1,,
https://www.pharmencyclopedia.com.ua/article/5576/muzej-apteka-yevpatoriya,2022-10-23 20:22:55,1,,
http://www.chtyvo.org.ua,2022-10-23 20:22:51,1,,
http://chechelnyk-mon.church.ua/,2022-10-23 20:22:53,1,,
http://horodnica.ortox.ru/,2022-10-23 20:22:51,1,,
http://visnyk.nuwm.edu.ua/index.php/tehn/oai,2022-10-23 20:22:52,1,,
http://ways.knuba.edu.ua/index.php/2707-501X/oai,2022-10-23 20:22:51,1,,
http://actualproblems.dp.ua/index.php/index/oai,2022-10-23 20:22:52,1,,
https://viam.ucoz.net/,2022-10-23 20:22:52,1,,
http://document.kdu.edu.ua/monogr.php,2022-10-23 20:22:52,1,,
https://rv.archives.gov.ua/ocifrovani-sprav,2022-10-23 20:22:51,1,,
https://cv.archives.gov.ua/index.html,2022-10-23 20:22:52,1,,
https://tsdavo.gov.ua/ukrayinska-revolyutsiya-arhivni-hroniky-2/,2022-10-23 20:22:52,1,,
http://vgosau.kiev.ua/,2022-10-23 20:22:54,1,,
http://www.db.geroika.org.ua/ua/home.html,2022-10-23 20:22:52,1,,
https://www.lvivart.center/,2022-10-23 20:22:52,1,,
http://vskrynia.com.ua,2022-10-23 20:22:52,1,,
http://kherson.archives.gov.ua/,2022-10-23 20:22:54,1,,
http://library.wunu.edu.ua/,2022-10-23 20:22:52,1,,
http://exp21.com.ua/,2022-10-23 20:22:52,1,,
https://digital.warmuseum.kiev.ua/,2022-10-23 20:22:52,1,,
http://lib-krm.org/ukr,2022-10-23 20:22:56,1,,
http://www.library.cv.ua/,2022-10-23 20:22:53,1,,
https://donntu.edu.ua/library,2022-10-23 20:22:54,1,,
https://periscope.com.ua/vdohnovenie/memorialnyy-muzey-im-op-dovzhenko,2022-10-23 20:22:52,1,,
http://dspace.lvduvs.edu.ua,2022-10-23 20:22:52,1,,
https://www.oa.edu.ua/,2022-10-23 20:23:21,0,,"HTTPSConnectionPool(host='www.oa.edu.ua', port=443): Max retries exceeded with url: / (Caused by ConnectTimeoutError(<urllib3.connection.HTTPSConnection object at 0x10e05e0e0>, 'Connection to www.oa.edu.ua timed out. (connect timeout=30)'))"
https://lgnau.edu.ua/,2022-10-23 20:23:25,1,,
https://old.library.kr.ua/,2022-10-23 20:22:52,1,,
https://catalog.gallery.pl.ua/,2022-10-23 20:22:54,1,,
http://opera.lviv.ua,2022-10-23 20:22:53,1,,
http://irpinculture.org.ua/about/zaklady-kul-tury/istory-ko-krayeznavchy-j-muzej/,2022-10-23 20:22:53,1,,
http://botany.kiev.ua/gerbary.htm,2022-10-23 20:22:52,1,,
http://kiziltash.org/,2022-10-23 20:22:53,1,,
http://www.botany-center.kiev.ua/,2022-10-23 20:22:53,1,,
https://okhtyrkamr.gov.ua/міська-рада/заклади-культури/кз-охтирський-міський-краєзнавчий-му/,2022-10-23 20:22:55,1,,
http://www.hai-nyzhnyk.in.ua/,2022-10-23 20:22:52,1,,
http://slavutichlib.com.ua/,2022-10-23 20:22:53,1,,
http://culture.pp.ua/,2022-10-23 20:22:54,0,,"HTTPConnectionPool(host='culture.pp.ua', port=80): Max retries exceeded with url: / (Caused by NewConnectionError('<urllib3.connection.HTTPConnection object at 0x110c2a170>: Failed to establish a new connection: [Errno 8] nodename nor servname provided, or not known'))"
https://landmarks.in.ua/,2022-10-23 20:22:56,1,,
https://zamokdubno.com.ua/,2022-10-23 20:22:53,1,,
https://khotynska-fortecya.cv.ua/,2022-10-23 20:22:55,1,,
http://rep.btsau.edu.ua,2022-10-23 20:22:53,1,,
http://eadnurt.diit.edu.ua,2022-10-23 20:22:54,1,,
https://yizhakultura.com/,2022-10-23 20:22:53,1,,
http://conflib.diit.edu.ua/Conf_univ_Library_2022/index,2022-10-23 20:22:53,1,,
http://unilibnsd.diit.edu.ua/index,2022-10-23 20:22:56,1,,
https://crimeahrg.org,2022-10-23 20:22:57,1,,
http://batarea411.narod.ru/nebo.htm,2022-10-23 20:22:53,1,,
http://ibhb.chnu.edu.ua,2022-10-23 20:22:59,1,,
https://www.alexandria-park.com.ua/,2022-10-23 20:22:53,1,,
https://gallery-dolls.com.ua/en/,2022-10-23 20:22:53,0,,"HTTPSConnectionPool(host='gallery-dolls.com.ua', port=443): Max retries exceeded with url: /en/ (Caused by SSLError(SSLCertVerificationError(1, '[SSL: CERTIFICATE_VERIFY_FAILED] certificate verify failed: certificate has expired (_ssl.c:997)')))"
http://dakh.com.ua/,2022-10-23 20:22:53,1,,
http://www.metro.kyiv.ua/,2022-10-23 20:22:54,1,,
http://dnipro.univ.kiev.ua/,2022-10-23 20:22:55,1,,
https://www.opera-ballet.com.ua/,2022-10-23 20:22:57,1,,
https://donbassopera.ru/,2022-10-23 20:22:53,1,,
http://chm.onu.edu.ua,2022-10-23 20:22:57,1,,
https://journal.ivinas.gov.ua,2022-10-23 20:22:54,1,,
https://journal.cndiovt.com.ua/index.php/ovt/issue/archive,2022-10-23 20:22:55,1,,
http://web.kpi.kharkov.ua/museum/,2022-10-23 20:22:54,1,,
https://khai.edu/ua/,2022-10-23 20:22:55,1,,
https://sodb.sumy.ua/,2022-10-23 20:22:53,1,,
http://zfs-journal.uzhnu.uz.ua,2022-10-23 20:22:54,1,,
https://grani.org.ua/index.php/journal/issue/archive,2022-10-23 20:22:53,1,,
https://molodyytheatre.com/,2022-10-23 20:22:54,1,,
http://teatr-koleso.kiev.ua/,2022-10-23 20:22:53,1,,
https://drama-comedy.kiev.ua/,2022-10-23 20:22:54,1,,
https://www.oriental-studies.org.ua/,2022-10-23 20:22:54,1,,
http://www.litopys.volyn.ua/index.php/litopys/issue/archive,2022-10-23 20:22:55,1,,
http://zif.onu.edu.ua/issue/archive,2022-10-23 20:22:54,1,,
http://kmhj.ukma.edu.ua/issue/archive,2022-10-23 20:22:56,1,,
http://nrpcult.ukma.edu.ua/issue/archive,2022-10-23 20:22:55,1,,
http://nrph.ukma.edu.ua/issue/archive,2022-10-23 20:22:55,1,,
http://www.dmkd.dp.ua/node/493,2022-10-23 20:22:53,1,,
http://www.oweamuseum.odessa.ua/,2022-10-23 20:22:54,1,,
https://operahouse.od.ua/en/,2022-10-23 20:22:54,1,,
http://dramteatr.com.ua/,2022-10-23 20:22:54,1,,
http://doksa.onu.edu.ua/,2022-10-23 20:22:56,1,,
http://zum.onu.edu.ua/,2022-10-23 20:23:02,1,,
https://istznu.org/index.php/journal,2022-10-23 20:22:54,1,,
https://fip.dp.ua/index.php/FIP,2022-10-23 20:22:54,1,,
http://museum.slavyansk.online/,2022-10-23 20:22:53,0,,"HTTPConnectionPool(host='museum.slavyansk.online', port=80): Max retries exceeded with url: / (Caused by NewConnectionError('<urllib3.connection.HTTPConnection object at 0x10e19f0a0>: Failed to establish a new connection: [Errno 8] nodename nor servname provided, or not known'))"
https://bibliokruiz.nethouse.ua/,2022-10-23 20:22:54,1,,
http://nasoa.edu.ua/,2022-10-23 20:22:58,1,,
http://museum.if.ua/museums/r2/22.html,2022-10-23 20:22:58,1,,
http://v-khsac.in.ua/,2022-10-23 20:22:56,1,,
http://ep3.nuwm.edu.ua/,2022-10-23 20:22:57,1,,
http://library.odeku.edu.ua/,2022-10-23 20:22:54,0,,"HTTPSConnectionPool(host='library.odeku.edu.ua', port=443): Max retries exceeded with url: / (Caused by SSLError(CertificateError(""hostname 'library.odeku.edu.ua' doesn't match 'hosting7.tenet.ua'"")))"
https://liskmuseum.at.ua/,2022-10-23 20:22:57,1,,
https://new.meduniv.lviv.ua/pidrozdily/muzei/,2022-10-23 20:22:57,1,,
https://iea.gov.ua/en/,2022-10-23 20:22:57,1,,
https://lma.edu.ua/,2022-10-23 20:22:54,0,,"('Connection aborted.', RemoteDisconnected('Remote end closed connection without response'))"
http://zorilebucovinei.com,2022-10-23 20:22:55,1,,
http://www.kipt.kharkov.ua,2022-10-23 20:22:55,1,,
http://www.xtt.kharkov.ua/,2022-10-23 20:23:01,1,,
http://leypzig.megakino.com.ua,2022-10-23 20:22:54,0,,"HTTPConnectionPool(host='leypzig.megakino.com.ua', port=80): Max retries exceeded with url: / (Caused by NewConnectionError('<urllib3.connection.HTTPConnection object at 0x108ecce80>: Failed to establish a new connection: [Errno 8] nodename nor servname provided, or not known'))"
http://www.knu.edu.ua,2022-10-23 20:22:54,1,,
http://medicine.dp.ua,2022-10-23 20:22:54,1,,
http://journals.pnu.edu.ua/index.php/aprde,2022-10-23 20:22:56,1,,
http://journal.sops.gov.ua/,2022-10-23 20:22:56,1,,
"https://uesit.org.ua/index.php/itse, https://uesit.org.ua, https://uesit.org.ua/index.php/itse, https://uesit.org.ua, https://uesit.org.ua/index.php/itse, https://uesit.org.ua",2022-10-23 20:22:57,1,,
http://txim.history.knu.ua,2022-10-23 20:23:00,1,,
http://naukajournal.org/,2022-10-23 20:23:00,1,,
http://ubphj.nuph.edu.ua/,2022-10-23 20:22:56,1,,
http://ophcj.nuph.edu.ua/,2022-10-23 20:22:57,1,,
http://eee.khpi.edu.ua/,2022-10-23 20:22:56,1,,
http://www.visnyk.soc.univ.kiev.ua/,2022-10-23 20:23:00,1,,
https://lib.kr.ua/,2022-10-23 20:22:55,0,,"('Connection aborted.', RemoteDisconnected('Remote end closed connection without response'))"
http://apspp.soc.univ.kiev.ua/index.php/home,2022-10-23 20:22:58,1,,
http://mse.dnu.dp.ua/,2022-10-23 20:22:55,1,,
https://www.libertyspace.org.ua/,2022-10-23 20:22:56,1,,
http://www.ocntt.dp.ua/,2022-10-23 20:22:55,1,,
http://chic.cv.ua/,2022-10-23 20:22:57,1,,
http://designcollege.cv.ua/,2022-10-23 20:22:56,1,,
https://www.newroute.org.ua/,2022-10-23 20:22:56,1,,
http://tnv-econom.ksauniv.ks.ua/,2022-10-23 20:22:55,1,,
http://uamedia.visti.net,2022-10-23 20:22:56,1,,
https://www.directorsguild.org.ua/,2022-10-23 20:22:55,1,,
http://izbornyk.org.ua/,2022-10-23 20:22:56,1,,
